wl,skin_mua,skin_mus,fat_mua,fat_mus,muscle_mua,muscle_mus
650,2.8453588240000003,24.96668650718141,0.00471,15.66977202245279,0.22451160000000003,5.917159763313609
651,2.8307853100000004,24.9398344178991,0.00472,15.647385429673868,0.22132710000000003,5.898995047203758
652,2.816399736,24.913052357855175,0.0046700000000000005,15.625065107516535,0.2181336,5.880913846964507
653,2.8020181620000004,24.886340037428766,0.00464,15.602810758609671,0.2149401,5.862915651405106
654,2.787728588,24.859697168637904,0.00457,15.58062208736921,0.2117466,5.84499995324
655,2.773541482,24.83312346512777,0.00448,15.558498799984687,0.20859930000000002,5.827166249053085
656,2.7594521419999998,24.806618642159016,0.004379999999999999,15.536440604405898,0.2054589,5.809414039262344
657,2.7454692100000004,24.780182416596222,0.00428,15.51444721032971,0.2023557,5.791742828084856
658,2.731598278,24.753814506896433,0.00424,15.492518329186954,0.19925249999999997,5.774152123502184
659,2.717762084,24.727514633097787,0.004220000000000001,15.470653674129458,0.196686,5.756641437226127
660,2.704121656,24.70128251680827,0.00418,15.448852960017195,0.1941264,5.739210284664829
661,2.690485602,24.675117881194538,0.00414,15.42711590340553,0.1917609,5.721858184889259
662,2.6770555480000002,24.64902045097086,0.00413,15.405442222532615,0.18939540000000002,5.70458466060003
663,2.663629494,24.62298995238813,0.00414,15.383831637306848,0.18702990000000003,5.687389238094588
664,2.6503113799999998,24.59702611322301,0.00419,15.3622838692945,0.1846554,5.670271447234722
665,2.6371013260000002,24.571128662767116,0.00428,15.340798641707394,0.18228990000000003,5.653230821414438
666,2.623995272,24.545297331816343,0.00439,15.319375679390753,0.17992439999999998,5.6362668975281585
667,2.610989686,24.519531852660265,0.00447,15.2980147088111,0.17760510000000004,5.619379215939256
668,2.5979778059999994,24.493831959071606,0.004520000000000001,15.276715458044315,0.17528370000000004,5.602567320448922
669,2.585164394,24.468197386295838,0.004529999999999999,15.255477656763754,0.17300850000000004,5.585830758265353
670,2.572342982,24.44262787104083,0.0045,15.234301036228505,0.1707333,5.569169079973268
671,2.5596315699999996,24.41712315146662,0.004520000000000001,15.213185329271742,0.1684581,5.552581839503732
672,2.547026158,24.39168296717524,0.00457,15.192130270289159,0.1661829,5.536068594104307
673,2.534418352,24.366307059200647,0.00462,15.171135595227543,0.16401059999999998,5.519628904309505
674,2.5220025460000004,24.340995169998745,0.00463,15.15020104157341,0.1618383,5.503262333911541
675,2.509580468,24.31574704343747,0.00457,15.129326348341774,0.1599012,5.486968449931412
676,2.497276662,24.290562424786984,0.00446,15.108511256064991,0.15798210000000001,5.470746822590245
677,2.48507509,24.265441060709925,0.00433,15.087755506781708,0.1561161,5.454597025280965
678,2.4729775179999995,24.240382699251747,0.004220000000000001,15.067058844025912,0.1542501,5.438518634540248
679,2.460893354,24.215387089831175,0.00413,15.046421012816074,0.1524513,5.422511230020756
680,2.44891319,24.19045398323068,0.00406,15.025841759644385,0.15065250000000002,5.406574394463667
681,2.437031026,24.165583131587073,0.00398,15.005320832466085,0.14885369999999998,5.390707713671481
682,2.425242862,24.14077428838219,0.00387,14.984857980688883,0.14705490000000002,5.37491077648111
683,2.413452992,24.116027208433596,0.00375,14.964452955162486,0.1452582,5.359183174737239
684,2.401776828,24.09134164788545,0.0037,14.944105508168185,0.14345940000000001,5.343524503265962
685,2.390208664,24.06671736419936,0.00369,14.923815393408573,0.14166060000000003,5.327934359848686
686,2.3787365,24.042154116145376,0.00366,14.903582365997307,0.1398618,5.312412345196304
687,2.36728562,24.017651663793032,0.00361,14.883406182449006,0.13824360000000002,5.296958062923624
688,2.35593074,23.99320976850248,0.00354,14.863286600669191,0.1366254,5.2815711195240675
689,2.3446794800000004,23.96882819291565,0.00348,14.843223379944344,0.13525020000000001,5.266251124344617
690,2.3335279260000004,23.944506700947557,0.0034200000000000003,14.823216280932032,0.13387290000000002,5.250997689561018
691,2.3223825259999997,23.92024505777761,0.00338,14.80326506565114,0.1327767,5.235810430153243
692,2.311339126,23.89604302984104,0.00335,14.783369497472146,0.1316805,5.2206889638811855
693,2.3002937860000006,23.871900384820375,0.00331,14.763529341107537,0.1305933,5.205632911260619
694,2.289450386,23.847816891636988,0.00328,14.743744362602252,0.12949710000000003,5.190641895539371
695,2.278614394,23.823792320442728,0.00324,14.724014329324234,0.1284681,5.1757155426737755
696,2.267780402,23.799826442611593,0.00321,14.704339009955065,0.1274391,5.160853481305326
697,2.257167818,23.7759190307315,0.00324,14.684718174480668,0.1264773,5.146055342737579
698,2.246555264,23.7520698585961,0.0032700000000000003,14.665151594182099,0.12552000000000002,5.131320760913294
699,2.235932638,23.728278701196686,0.00325,14.645639041626406,0.12455190000000001,5.116649372391788
700,2.225510012,23.70454533471412,0.00323,14.626180290657576,0.12358380000000002,5.1020408163265305
701,2.21533856,23.68086953651089,0.0032,14.60677511638755,0.12282119999999999,5.08749473444295
702,2.2051711139999997,23.657251085123175,0.00319,14.587423295187323,0.12205950000000002,5.073010771016469
703,2.195111668,23.633689760252995,0.00322,14.568124604678111,0.12129780000000001,5.058588572850758
704,2.1851542280000005,23.610185342760445,0.0032600000000000003,14.5488788237226,0.12053699999999999,5.044227789256199
705,2.175289244,23.586737614655956,0.00323,14.529685732416253,0.11982060000000001,5.0299280720285715
706,2.165419972,23.563346359092634,0.00318,14.510545112078713,0.11910299999999999,5.0156890754279395
707,2.1556575400000004,23.540011360358672,0.00313,14.491456745245257,0.1184874,5.00151045615776
708,2.1458991020000004,23.516732403869824,0.0031,14.472420415658343,0.1178709,4.987391873344186
709,2.136249942,23.493509276161888,0.0031100000000000004,14.4534359082592,0.11744610000000001,4.97333298851558
710,2.1267067760000002,23.47034176488334,0.00315,14.434503009179515,0.11702040000000001,4.959333465582226
711,2.1171656100000003,23.447229658787936,0.0032,14.415621505733176,0.1165947,4.945392970816248
712,2.1077164440000002,23.424172747727447,0.00321,14.39679118640808,0.11616900000000001,4.931511172831714
713,2.0982632780000006,23.401170822644396,0.0032,14.378011840858026,0.1157433,4.917687742564948
714,2.0889141180000004,23.378223675564882,0.00321,14.359283259894651,0.11531849999999999,4.9039223532550285
715,2.07968236,23.35533109959147,0.0032600000000000003,14.340605235479453,0.11496,4.890214680424471
716,2.070456608,23.332492888896095,0.00334,14.321977560715881,0.1146024,4.876564401860117
717,2.0613422640000003,23.30970883871309,0.00343,14.30340002984147,0.114312,4.862971197594192
718,2.052225914,23.28697874533219,0.00351,14.284872438220052,0.1140207,4.849434749885554
719,2.0432079659999998,23.264302406091648,0.00358,14.266394582334051,0.11374770000000001,4.835954743201132
720,2.034193724,23.241679619371407,0.00367,14.247966259776808,0.1134726,4.822530864197531
721,2.025279752,23.219110184586278,0.00376,14.22958726924498,0.113238,4.809162801702829
722,2.016461774,23.196593902179224,0.00383,14.211257410531031,0.11300250000000002,4.795850246698537
723,2.0076438019999996,23.174130573614658,0.0039,14.192976484515722,0.11276790000000002,4.782592892301747
724,1.998934124,23.151720001371817,0.0040100000000000005,14.174744293160742,0.11253540000000001,4.769390433747444
725,1.99023338,23.1293619889382,0.00415,14.156560639501318,0.11232300000000002,4.756242568370988
726,1.9816406320000002,23.107056340803013,0.0043,14.138425327638956,0.11211360000000001,4.743148995590769
727,1.973053792,23.084802862450694,0.00447,14.120338162734187,0.1116864,4.730109416891032
728,1.964564952,23.062601360354506,0.00463,14.10229895099941,0.1112592,4.717123535804855
729,1.9560778600000002,23.040451641970144,0.0048,14.084307499691773,0.11083620000000001,4.704191057897303
730,1.9476950620000002,23.018353515729416,0.00499,14.066363617106115,0.1104153,4.6913116907487336
731,1.939316394,22.99630679103396,0.0051600000000000005,14.048467112567968,0.1112139,4.678485143938274
732,1.931041432,22.97431127824902,0.00535,14.030617796426618,0.11201040000000001,4.665711129027442
733,1.9228627640000002,22.95236678869726,0.005520000000000001,14.01281548004822,0.11280899999999999,4.652989359543932
734,1.914673802,22.93047313465265,0.00564,13.995059975808957,0.11360549999999998,4.640319550965558
735,1.906503878,22.90863012933436,0.00576,13.97735109708828,0.1145277,4.627701420704336
736,1.89843596,22.886837586900725,0.00589,13.959688658262179,0.11545079999999999,4.615134688090738
737,1.8903827140000002,22.865095322443267,0.006,13.942072474696515,0.1164867,4.602619074358073
738,1.8824394740000001,22.843403151980752,0.0061600000000000005,13.924502362740412,0.1175235,4.590154302627037
739,1.87460691,22.821760892453273,0.00636,13.906978139719698,0.1189617,4.577740097890394
740,1.8667706460000002,22.80016836171641,0.006540000000000001,13.889499623930385,0.1204029,4.565376186997809
741,1.8589549600000002,22.778625378535427,0.0068,13.87206663463224,0.12257280000000001,4.553062298640819
742,1.8512412740000002,22.75713176257949,0.00707,13.85467899204235,0.12474270000000001,4.540798163337959
743,1.8435295880000004,22.73568733441598,0.00735,13.83733651732879,0.1269126,4.5285835134200045
744,1.8359279020000001,22.714291915504777,0.0076799999999999985,13.82003903260432,0.1290825,4.5164180830153775
745,1.828434754,22.692945328192664,0.00801,13.802786360920125,0.13160909999999998,4.504301608035674
746,1.820847318,22.67164739570771,0.00837,13.785578326259618,0.1341345,4.492233826161333
747,1.8134697180000001,22.650397942153745,0.008740000000000001,13.76841475353228,0.13691129999999999,4.480214476827435
748,1.805986118,22.629196792504853,0.00908,13.75129546856758,0.13968809999999998,4.468243301209643
749,1.7986012919999999,22.608043772599896,0.00941,13.73422029810888,0.14258099999999999,4.456320042210264
750,1.7913124599999999,22.586938709137108,0.00972,13.717189069807468,0.14547300000000002,4.444444444444445
751,1.783644846,22.56588142966871,0.01001,13.700201612216565,0.14892090000000002,4.4326162542265
752,1.776077226,22.544871762595573,0.0103,13.683257754785437,0.1523679,4.420835219556361
753,1.768496172,22.523909537161913,0.01059,13.666357327853504,0.15379980000000004,4.409101090106153
754,1.760917118,22.502994583450047,0.01089,13.649500162644543,0.1552317,4.397413617206904
755,1.75342618,22.482126732375168,0.0112,13.6326860912609,0.156387,4.385772553835358
756,1.745943242,22.461305815680152,0.01155,13.61591494667776,0.1575423,4.374177654600935
757,1.7385449499999999,22.44053166593045,0.0119,13.599186562737467,0.15815849999999998,4.362628675732791
758,1.7311503639999999,22.419804116508953,0.01227,13.58250077414388,0.1587726,4.351125375067007
759,1.7238418580000001,22.399123001610945,0.01258,13.565857416456781,0.1590987,4.339667512033898
760,1.7165113520000002,22.378488156239083,0.01278,13.549256326086319,0.1594248,4.328254847645429
761,1.7091586219999997,22.357899416198396,0.01289,13.5326973402875,0.15907529999999998,4.316887144482759
762,1.701885598,22.337356618091356,0.0129,13.51618029715473,0.1587237,4.305564166683889
763,1.6945751580000001,22.31685959931293,0.01273,13.499705035616374,0.15815970000000001,4.294285679931429
764,1.6873510120000001,22.296408198045743,0.01249,13.48327139542939,0.1575978,4.283051451440476
765,1.6800947220000002,22.276002253255214,0.01206,13.466879217173984,0.1570743,4.2718612499466015
766,1.6728187260000003,22.25564160468475,0.01153,13.450528342248306,0.1565529,4.2607148456939505
767,1.6656268800000003,22.235326092851004,0.01089,13.4342186128632,0.156072,4.249612010423448
768,1.6584270340000002,22.2150555590391,0.01021,13.417949872036983,0.15559109999999995,4.238552517361111
769,1.651317146,22.19482984529798,0.00948,13.401721963590266,0.15510390000000002,4.227536141206471
770,1.644199552,22.174648794435708,0.008709999999999999,13.385534732140824,0.1546188,4.2165626581210995
771,1.637179664,22.15451225001485,0.00793,13.36938802309849,0.1541316,4.205631845717236
772,1.630067782,22.134420056347896,0.00719,13.353281682660105,0.1536453,4.1947434830465244
773,1.6231718940000002,22.114372058492673,0.006529999999999999,13.337215557804491,0.1531581,4.1838973505888415
774,1.616194006,22.094368102247845,0.00596,13.321189496287474,0.15267089999999997,4.173093230241237
775,1.6093314820000002,22.074408034148387,0.005529999999999999,13.30520334663694,0.15209430000000002,4.1623309053069715
776,1.6025162860000002,22.054491701461156,0.00515,13.28925695814793,0.1514589,4.151610160484642
777,1.595596262,22.034618952180452,0.00481,13.273350180877774,0.15074729999999997,4.140930781857422
778,1.588784538,22.01478963502362,0.00451,13.257482865641254,0.15003869999999997,4.130292556882389
779,1.582084026,21.995003599426674,0.00426,13.241654864005824,0.14955390000000002,4.119695274379945
780,1.575399514,21.975260695540005,0.00409,13.22586602828683,0.14906909999999998,4.10913872452334
781,1.568713296,21.95556077422402,0.00391,13.210116211542815,0.14858639999999998,4.098622698828286
782,1.5621367899999998,21.935903687044945,0.00378,13.194405267570811,0.14810250000000003,4.0881469901426595
783,1.5555625720000001,21.91628928627053,0.00366,13.178733050901705,0.1476198,4.077711392636305
784,1.5490000600000002,21.896717424865873,0.0036,13.163099416795614,0.14713499999999996,4.06731570179092
785,1.542534434,21.877187956489227,0.0035700000000000007,13.147504221237307,0.14658510000000002,4.056959714390036
786,1.536070514,21.857700735487878,0.00355,13.131947320931666,0.1460331,4.046643228509087
787,1.529597798,21.838255616894,0.00353,13.116428573299165,0.1455057,4.036366043505567
788,1.5232210819999998,21.81885245642058,0.00349,13.10094783647141,0.1449783,4.026127960009276
789,1.516847098,21.799491110457385,0.00346,13.08550496928666,0.1445607,4.015928779912645
790,1.5104794080000001,21.780171436066894,0.00346,13.070099831285464,0.1441452,4.00576830636116
791,1.5042134239999998,21.760893290980338,0.0034700000000000004,13.054732282706247,0.1437276,3.9956463437438563
792,1.4979454399999999,21.74165653359369,0.0034700000000000004,13.039402184480979,0.14331,3.985562697683909
793,1.4917774560000001,21.722461022963778,0.0034700000000000004,13.02410939823087,0.14289239999999997,3.975517175029299
794,1.485519472,21.70330661880432,0.00352,13.008853786262076,0.1424748,3.965509583843562
795,1.479416884,21.684193181482062,0.00359,12.993635211561458,0.1425426,3.9555397333966216
796,1.4734202959999998,21.66512057201294,0.00369,12.978453537792372,0.1426104,3.945607434155703
797,1.467474534,21.646088652058214,0.00379,12.96330862929047,0.14316210000000001,3.935712497776322
798,1.4615250600000003,21.627097283920694,0.00387,12.948200351059567,0.143715,3.9258547370933594
799,1.4554772120000001,21.608146330540954,0.00393,12.933128568767492,0.1435938,3.9160339661122077
800,1.4495373580000002,21.589235655493585,0.00403,12.918093148742019,0.14347169999999998,3.9062499999999996
801,1.44373784,21.570365122983482,0.00413,12.903093957966789,0.14370419999999998,3.896502655076909
802,1.437940328,21.55153459784214,0.00424,12.888130864077294,0.14393759999999997,3.886791748807532
803,1.4322103529999999,21.532743945523983,0.00434,12.873203735356856,0.14421284999999998,3.8771170997923408
804,1.4264774590000002,21.513993032102732,0.00442,12.858312440732671,0.14449095,3.8674785277592134
805,1.420752259,21.495281724267794,0.00454,12.843456849771854,0.14476515,3.8578758535550324
806,1.415129065,21.47660988932065,0.0046700000000000005,12.828636832677534,0.14504025,3.8483088991373626
807,1.4095413350000001,21.457977395171305,0.0048200000000000005,12.813852260284957,0.14554094999999997,3.838777487566199
808,1.4039531120000002,21.43938411033475,0.0049700000000000005,12.799103004057644,0.146043,3.8292814429957844
809,1.3984319780000003,21.420829903927427,0.00511,12.784388936083545,0.1463271,3.819820590666497
810,1.3928148439999999,21.402314645663758,0.00527,12.769709929071254,0.1466112,3.8103947568968137
811,1.387735649,21.383838205852687,0.00547,12.755065856346228,0.14723744999999996,3.801003769075337
812,1.3825564600000002,21.3654004553942,0.0056700000000000006,12.740456591847039,0.1478646,3.7916474556528907
813,1.3774692709999998,21.34700126577595,0.00583,12.725882010121666,0.14849175,3.7823256461346904
814,1.3723723700000001,21.328640509069835,0.00594,12.71134198632379,0.1491201,3.7730381710725696
815,1.36726392,21.310318057928644,0.00603,12.696836396209143,0.14969939999999998,3.7637848620572854
816,1.3622625510000002,21.2920337855827,0.00615,12.682365116131864,0.15028154999999999,3.754565551710881
817,1.3573299239999999,21.27378756583654,0.00633,12.667928023040888,0.151269,3.745380073679117
818,1.352403009,21.25557927306562,0.006540000000000001,12.653524994476363,0.15225524999999998,3.7362282626239685
819,1.347474856,21.23740878221304,0.00674,12.63915590856609,0.1533138,3.7271099542161816
820,1.3426404090000001,21.219275968786278,0.00691,12.624820644021987,0.15437025000000001,3.718024985127901
821,1.3381324220000002,21.20118070885396,0.00708,12.610519080136589,0.15579149999999997,3.7089731930253507
822,1.3336216419999998,21.183122879042664,0.007240000000000002,12.596251096779554,0.15721110000000002,3.6999544165615883
823,1.3292113669999996,21.165102356533723,0.0074,12.58201657439422,0.15863114999999997,3.690968495369311
824,1.3248045990000001,21.147119019060064,0.00758,12.567815393994161,0.16005255000000002,3.6820152700537285
825,1.3203742680000001,21.129172744903055,0.00775,12.55364743715978,0.16131419999999996,3.6730945821854917
826,1.3154560899999999,21.1112634128894,0.007859999999999999,12.539512586034935,0.1621233,3.6642062742936883
827,1.3106135799999998,21.093390902388034,0.00796,12.52541072332357,0.1627746,3.655350189858889
828,1.305756577,21.075555093307027,0.00799,12.511341732286386,0.16342724999999997,3.646526173306262
829,1.300900355,21.057755866090556,0.008020000000000001,12.497305496737523,0.16407974999999997,3.6377340699987344
830,1.296139833,21.03999310171585,0.008029999999999999,12.483301901041287,0.16472925,3.6289737262302224
831,1.291553067,21.022266681690173,0.008029999999999999,12.469330830108863,0.16564515000000002,3.620244989218911
832,1.287062007,21.004576488047842,0.00801,12.455392169395097,0.16655894999999998,3.611547707100592
833,1.2826604480000001,20.986922403347247,0.007940000000000001,12.441485804895267,0.1674732,3.6028817289220614
834,1.27815567,20.969304310667884,0.00785,12.427611623141889,0.16838730000000002,3.594246904634566
835,1.273755078,20.951722093607444,0.00775,12.413769511201547,0.1693473,3.5856430850873107
836,1.2693524859999998,20.93417563627889,0.007640000000000002,12.399959356671742,0.17030729999999997,3.577070122021016
837,1.264964062,20.91666482330755,0.00757,12.386181047677765,0.1713105,3.568527868061533
838,1.2606771389999998,20.899189539828264,0.0075099999999999984,12.372434472869589,0.17231415000000005,3.5600161767135075
839,1.2563787210000001,20.88174967148251,0.007390000000000002,12.358719521418793,0.17331825,3.5515349023541
840,1.2520785970000001,20.864345104415595,0.007259999999999998,12.345036083015497,0.17432445,3.543083900226758
841,1.247990728,20.846975725273804,0.00715,12.331384047865317,0.1755264,3.5346630264350383
842,1.24390164,20.829641421201625,0.00703,12.317763306686356,0.1767282,3.526272137936482
843,1.2399140530000001,20.812342079838977,0.00692,12.304173750706195,0.17793044999999996,3.517911092536541
844,1.235934166,20.795077589318428,0.00685,12.29061527165893,0.17912969999999995,3.50957974888255
845,1.2319293009999999,20.777847838262478,0.00678,12.27708776178221,0.18015224999999996,3.5012779664577574
846,1.228021223,20.760652715780815,0.006690000000000001,12.2635911138143,0.18117555,3.493005605575396
847,1.224089062,20.743492111467624,0.00661,12.25012522099117,0.18201569999999997,3.4847625273728102
848,1.220152907,20.726365915398905,0.006509999999999999,12.236689977043604,0.18285674999999998,3.4765485938056253
849,1.216221539,20.709274018129793,0.00643,12.223285276194321,0.18369855000000002,3.4683636676419702
850,1.2122933900000001,20.69221631069192,0.006370000000000001,12.209911013155129,0.1845405,3.4602076124567476
851,1.208112724,20.67519268459077,0.00633,12.19656708312408,0.1850418,3.4520802926259426
852,1.2039380519999998,20.65820303180307,0.00632,12.183253381782668,0.1855422,3.4439815733209906
853,1.199763686,20.641247244774206,0.0063100000000000005,12.169969805293029,0.1860465,3.4359113205031826
854,1.1955950260000001,20.624325216415627,0.00633,12.156716250295169,0.1865487,3.4278694009181203
855,1.191556404,20.60743684010228,0.00639,12.143492613904206,0.1872066,3.419855682090216
856,1.187521001,20.590582009670086,0.00647,12.130298793707631,0.18786465,3.411870032317233
857,1.183510759,20.57376061941338,0.00656,12.117134687762599,0.18872954999999997,3.4039123206648796
858,1.1794945170000002,20.556972564082436,0.00662,12.10400019459322,0.18959445000000003,3.3959824169614383
859,1.1754742870000001,20.54021773888094,0.006659999999999999,12.090895213187888,0.19046114999999997,3.3880801917924437
860,1.1715620629999999,20.52349603946353,0.00674,12.077819642996616,0.19132875,3.380205516495403
861,1.1677623090000002,20.506807361933326,0.0068,12.064773383928388,0.19230645,3.372358263154558
862,1.163970555,20.490151602839486,0.0069,12.05175633634854,0.19328415,3.36453830459569
863,1.1601888009999999,20.473528659174786,0.00705,12.038768401076151,0.19426185,3.3567455143809695
864,1.1565150409999998,20.45693842837318,0.007240000000000002,12.025809479381453,0.19523865,3.348979766803841
865,1.152838471,20.44038080830744,0.0075099999999999984,12.012879472983261,0.19608194999999995,3.3412409368839584
866,1.1491779069999999,20.42385569728674,0.007859999999999999,11.99997828404642,0.19692615,3.333528900362155
867,1.145500227,20.40736299405431,0.00822,11.987105815179264,0.19763295,3.3258435336954513
868,1.141826841,20.39090259778507,0.0086,11.974261969431105,0.19834185,3.3181847140521143
869,1.138255509,20.37447440808333,0.00899,11.961446650289716,0.19910085000000002,3.3105523193067437
870,1.134584477,20.358078324980404,0.00938,11.94865976167887,0.19986284999999998,3.302946228035408
871,1.131234369,20.34171424893238,0.00979,11.935901207955851,0.20083065,3.2953663195108094
872,1.1279885549999997,20.325382080817782,0.01022,11.92317089390901,0.20180055,3.2878124736975
873,1.12466124,20.3090817219353,0.01074,11.910468724755335,0.20277,3.2802845712471247
874,1.1214474260000002,20.292813074001554,0.01133,11.897794606138026,0.2037399,3.2727824934937084
875,1.118248552,20.276576039148825,0.01198,11.885148444124098,0.2047308,3.265306122448979
876,1.1144189359999999,20.26037051992284,0.01264,11.872530145202,0.20511959999999999,3.2578553407977315
877,1.1106217610000002,20.24419641928054,0.01345,11.859939616279224,0.20552985000000001,3.2504300318932193
878,1.1068333730000002,20.228053640587895,0.0143,11.847376764679993,0.20594085,3.2430300797525957
879,1.1031681979999999,20.2119420876177,0.01527,11.834841498142875,0.20635110000000004,3.2356553690523797
880,1.099427816,20.195861664547422,0.01636,11.8223337248185,0.20676299999999997,3.2283057851239674
881,1.096154677,20.17981227595702,0.017519999999999997,11.809853353267236,0.20749364999999997,3.220981213949168
882,1.0929803249999999,20.163793826826815,0.01867,11.797400292456903,0.20822504999999997,3.213681542155789
883,1.08972518,20.147806222535348,0.01992,11.784974451760492,0.2089548,3.206406657013245
884,1.086578822,20.131849368857274,0.02121,11.772575740953922,0.20968529999999996,3.199156446428206
885,1.083349215,20.115923171961246,0.02262,11.760204070213767,0.21036975,3.191930798940279
886,1.080241902,20.100027538407833,0.02414,11.74785935011506,0.21105629999999997,3.184729603717726
887,1.0771589020000003,20.084162375147436,0.025810000000000003,11.735541491629053,0.21169649999999998,3.177552750553212
888,1.0741871150000002,20.068327589518233,0.02754,11.723250406121029,0.21233595,3.170400129859589
889,1.0711361570000002,20.052523089244115,0.02932,11.710986005348111,0.21298245,3.163271632665714
890,1.0681464180000002,20.036748782432674,0.031160000000000007,11.698748201457096,0.2136291,3.1561671506122964
891,1.065442217,20.021004577573148,0.03305,11.6865369069823,0.21450884999999997,3.1490865759477806
892,1.0627420220000001,20.005290383534422,0.034910000000000004,11.674352034843402,0.21538949999999996,3.1420298015242616
893,1.060055034,19.989606109563045,0.03674,11.66219349834334,0.2162685,3.13499672079343
894,1.0573411270000002,19.97395166528122,0.03833,11.650061211166182,0.21715035,3.127987227802551
895,1.0546189320000001,19.958326960684847,0.03983,11.637955087375023,0.21803099999999997,3.121001217190474
896,1.0519027310000002,19.94273190614155,0.04121,11.625875041409913,0.21891075000000004,3.1140385841836733
897,1.049190536,19.92716641238874,0.04256,11.613820988085772,0.21979139999999994,3.1070992245923175
898,1.046473548,19.91163039053168,0.04384,11.601792842590344,0.2206704,3.1001830348063746
899,1.043775359,19.89612375204155,0.04506,11.589790520482142,0.22155194999999994,3.0932899117917447
900,1.0410971640000002,19.880646408753545,0.04633,11.577813937688424,0.22243260000000004,3.0864197530864197
901,1.0382415550000001,19.865198272864976,0.04766,11.565863010503165,0.22310294999999997,3.0795724567966776
902,1.0354387330000001,19.849779256933378,0.04915,11.553937655585074,0.22377405,3.072747921593306
903,1.032672992,19.834389273874628,0.05078,11.542037789955575,0.22442459999999997,3.065946046707848
904,1.029979251,19.81902823696111,0.05267,11.53016333099685,0.22507515,3.05916673192889
905,1.027332117,19.803696059819828,0.054720000000000005,11.518314196449865,0.22568145,3.0524098775983637
906,1.024782202,19.788392656430585,0.05721,11.506490304412413,0.2262879,3.045675384607887
907,1.022293813,19.773117941124156,0.05994,11.494691573337192,0.22684724999999997,3.0389631543951308
908,1.0199234240000001,19.757871828580463,0.06316000000000001,11.482917922029856,0.22740660000000001,3.032273088940208
909,1.0176141220000001,19.74265423382677,0.06663,11.471169269647113,0.2279697,3.0256050907621015
910,1.015395745,19.7274650722359,0.07046000000000001,11.459445535694822,0.22853085,3.0189590629151066
911,1.015680471,19.71230425952444,0.07438,11.447746640026107,0.23144895000000001,3.012334908985313
912,1.0159984100000001,19.697171711750965,0.07837000000000001,11.436072502839462,0.2343663,3.005732533087104
913,1.0163332919999999,19.682067345314287,0.08234,11.424423044676914,0.2372658,2.999151839859687
914,1.016657874,19.66699107695172,0.08621000000000001,11.412798186422147,0.2401623,2.9925927344636554
915,1.016970934,19.651942823737304,0.08993999999999999,11.40119784929867,0.24299249999999994,2.9860551225775627
916,1.0172774949999999,19.636922503080097,0.09354,11.389621954867984,0.24582315,2.9795389103945387
917,1.017519615,19.62193003272247,0.09683,11.378070425027776,0.24863235,2.973044004618921
918,1.017768528,19.606965330738387,0.1,11.366543182010098,0.2514432,2.9665703124629177
919,1.01802792,19.592028315531696,0.1032,11.355040148379583,0.254247,2.960117741643291
920,1.018334888,19.577118905834464,0.1065,11.343561247031662,0.25705619999999996,2.9536862003780717
921,1.0212771319999998,19.562237020705304,0.1099,11.332106401190789,0.26235179999999997,2.9472755973832903
922,1.0242215,19.547382579527685,0.1133,11.320675534408684,0.26763899999999996,2.9408858418697443
923,1.027193732,19.532555502008307,0.1167,11.309268570562587,0.27293280000000003,2.9345168435397784
924,1.0301580879999999,19.51775570817543,0.12,11.297885433853521,0.27821819999999997,2.928168512584097
925,1.0330838140000003,19.502983118377266,0.1231,11.286526048804555,0.28330410000000006,2.9218407596785974
926,1.0350666259999999,19.488237653280336,0.126,11.275190340259112,0.2875209,2.9155334959812285
927,1.0369138500000001,19.47351923386786,0.1282,11.263878233379238,0.2916255,2.9092466331288716
928,1.0386889499999998,19.458827781438156,0.1299,11.252589653643938,0.2957385,2.9029800832342447
929,1.0402861799999998,19.444163217603048,0.1307,11.241324526847471,0.299844,2.896733758882834
930,1.041793116,19.42952546428626,0.131,11.230082779097684,0.3039474,2.8905075731298413
931,1.0459117260000002,19.414914443721884,0.1299,11.218864336814358,0.3106149,2.884301439497162
932,1.0499403300000003,19.400330078452775,0.1283,11.207669126727557,0.3172815,2.8781152719703806
933,1.0537081360000002,19.385772291329005,0.1253,11.196497075875982,0.3238704,2.8719489849957895
934,1.057386236,19.37124100550633,0.1218,11.185348111605347,0.33046139999999996,2.8658024934774335
935,1.0609205160000001,19.356736144444643,0.1175,11.174222161566753,0.3370974,2.8596757127741714
936,1.0643629600000002,19.342257631906442,0.1126,11.163119153715096,0.343743,2.8535685586967636
937,1.0676734079999999,19.327805391955327,0.107,11.152039016307446,0.3504222,2.8474809475049803
938,1.0708841500000001,19.313379348954477,0.1008,11.140981677901483,0.3571035,2.8414127959047293
939,1.074050598,19.29897942756515,0.09433,11.12994706735389,0.3637827,2.8353640210452062
940,1.07716334,19.284605552745205,0.08753999999999999,11.118935113818813,0.370464,2.829334540516071
941,1.0825411280000001,19.270257649747613,0.08088,11.107945746746283,0.3792582,2.8233242723446357
942,1.0879850739999999,19.25593564411898,0.07446,11.096978895880685,0.3880611,2.817333134993081
943,1.0934665979999998,19.241639461698085,0.06822,11.086034491259198,0.3967737,2.8113610473556907
944,1.099071828,19.227369028614437,0.0625,11.075112463210278,0.40548419999999996,2.805407928756105
945,1.10473761,19.213124271286812,0.05704,11.06421274235214,0.4141065,2.799473698944599
946,1.1105572339999998,19.198905116421827,0.05234,11.053335259591247,0.4227201,2.7935582780953743
947,1.116463444,19.1847114910125,0.04802,11.042479946120803,0.4312655999999999,2.7876615868038797
948,1.122529954,19.17054332233684,0.04445,11.031646733419262,0.4398141,2.7817835460841396
949,1.12865604,19.156400537956447,0.04109,11.020835553248862,0.448368,2.7759240773661147
950,1.1348462620000002,19.142283065715066,0.03799,11.01004633765413,0.4569152999999999,2.770083102493075
951,1.133809248,19.128190833737246,0.03519,10.999279018960431,0.4585332,2.764260543718992
952,1.1328719340000002,19.114123770426914,0.03274,10.988533529772512,0.46014810000000006,2.7584563237059534
953,1.131969322,19.10008180446601,0.03046,10.97780980297306,0.46186829999999995,2.7526703655215927
954,1.13114501,19.08606486481314,0.02852,10.967107771721254,0.46359149999999993,2.746902592636543
955,1.13035317,19.072072880702148,0.026660000000000003,10.956427369451355,0.46528949999999997,2.741152928921905
956,1.1296196299999999,19.058105781640855,0.02504,10.945768529871264,0.4669905,2.7354212986467323
957,1.12893485,19.04416349740963,0.02358,10.935131186961142,0.4686675,2.7297076264755438
958,1.12831007,19.030245958060114,0.02242,10.924515274971982,0.4703445,2.724011837465841
959,1.1277192900000002,19.016353093913843,0.02133,10.913920728424229,0.4720215,2.718333857065657
960,1.1271845040000004,19.002484835560953,0.02047,10.903347482106401,0.47369759999999994,2.712673611111111
961,1.12668743,18.988641113858872,0.01975,10.892795471073695,0.4753725,2.7070310258239934
962,1.126238656,18.974821859930987,0.01917,10.882264630646647,0.4770504,2.7014060278093543
963,1.125791666,18.961027005165366,0.0186,10.87175489640975,0.47869589999999995,2.6957985440531225
964,1.1253746760000003,18.947256481213472,0.01808,10.861266204210116,0.48034140000000003,2.690208501919733
965,1.124954504,18.933510219988857,0.01753,10.850798490156134,0.4817916,2.6846358291497765
966,1.1245340379999997,18.919788153665912,0.01693,10.840351690616128,0.48323969999999994,2.6790804538576616
967,1.1241394039999997,18.906090214678574,0.016390000000000002,10.829925742217043,0.4846446,2.6735423045293016
968,1.12375277,18.89241633571909,0.01589,10.819520581843122,0.4860495,2.6680213100198076
969,1.1234161299999998,18.87876644973675,0.01554,10.8091361466346,0.4874535,2.6625173995512066
970,1.1231074959999998,18.86514048993664,0.015280000000000004,10.79877237398639,0.4888584,2.6570305027101715
971,1.1204651460000001,18.85153838977841,0.0151,10.788429201546812,0.4882059,2.651560549445771
972,1.11783079,18.83796008297504,0.01491,10.778106567216293,0.4875525,2.646107470067233
973,1.115188896,18.824405503491622,0.01463,10.76780440914609,0.4869264,2.6406711952417217
974,1.112548702,18.810874585544138,0.01431,10.757522665737023,0.48629730000000004,2.635251655992141
975,1.1099471120000002,18.797367263598233,0.014130000000000004,10.747261275638213,0.4856028,2.6298487836949374
976,1.1042332220000002,18.783883472368053,0.01408,10.737020177745833,0.4819053,2.624462510077936
977,1.0985320020000002,18.77042314681501,0.01414,10.726799311201848,0.4781103,2.619092767218178
978,1.092852782,18.756986222146622,0.01421,10.716598615392794,0.47431529999999994,2.6137394875397812
979,1.087173406,18.743572633815305,0.01423,10.706418029948523,0.4704969,2.608402603811815
980,1.0814880359999999,18.730182317517233,0.01417,10.696257494741005,0.46667939999999997,2.603082049146189
981,1.0773786660000002,18.71681520919112,0.01407,10.68611694988309,0.4643619,2.597777756995556
982,1.073297002,18.703471245017123,0.01406,10.675996335727309,0.4620423,2.5924896611512316
983,1.069255626,18.690150361415625,0.0142,10.665895592864674,0.45972389999999996,2.587217695741129
984,1.065248256,18.676852495046127,0.01441,10.655814662123476,0.4574064,2.5819617952277083
985,1.0612662439999998,18.663577582806088,0.01481,10.6457534845681,0.45499860000000003,2.576721894405937
986,1.0573102259999998,18.650325561829813,0.01524,10.635712001497847,0.4525899,2.571497928401269
987,1.0533355720000002,18.637096369487292,0.01564,10.625690154445756,0.45009180000000004,2.5662898326676373
988,1.049376918,18.623889943383112,0.016069999999999997,10.615687885177445,0.4475937,2.561097542985461
989,1.045442258,18.610706221355304,0.01652,10.605705135689938,0.44509470000000007,2.555920995459662
990,1.041555604,18.59754514147428,0.017159999999999998,10.59574184821053,0.4425966,2.550760126517702
991,1.0353339500000003,18.5844066420417,0.01793,10.58579796519563,0.4378485,2.5456148729076316
992,1.029174584,18.571290661589376,0.01891,10.575873429329622,0.4331016000000001,2.5404851716961496
993,1.0230349300000001,18.5581971388782,0.01994,10.565968183523742,0.4283535,2.5353709602666807
994,1.016875276,18.545126012897043,0.02087,10.556082170914943,0.42360539999999997,2.5302721763174625
995,1.010731622,18.53207722286169,0.02178,10.546215334864781,0.4188573,2.5251887578596497
996,1.004603962,18.51905070821377,0.02272,10.536367618958305,0.4141083,2.5201206432154324
997,0.9984763080000001,18.506046408619675,0.02366,10.526538967002946,0.4093602,2.5150677710161577
998,0.9923766539999999,18.493064263969522,0.02464,10.516729323027425,0.4046121,2.510030080200481
999,0.986273288,18.480104214376077,0.0256,10.50693863128066,0.3998652,2.5050075100125153
1000,0.9801856339999999,18.467166200173743,0.02654,10.497166836230672,0.3951171,2.5
