wavelength,PC,PH,PI,PK,PE,PN
538.6143,5.4,6.48,8.12,11.32,9.82,10.08
538.9586,6.34,6.64,7.64,13.06,9.14,11
539.3029,6.4,7.3,8.84,13.12,10.04,11.7
539.6472,6.72,7.38,8.32,12.66,9.96,11.54
539.9915,5.54,7.12,8.72,13.38,8.84,11.54
540.3358,5.56,7.12,9.06,12.56,9.96,11.24
540.6801,6.42,7.92,8.2,13.08,8.78,11.94
541.0244,4.96,7.32,7.34,11.96,9.04,10.18
541.3687,5.38,6.3,7.46,12.76,10.42,11.18
541.713,7.74,8.68,9.38,14.1,10.22,12.5
542.0573,5.36,8.24,9.24,12.98,10,11.14
542.4016,6.5,6.68,8.46,12.52,10.46,11.92
542.7459,6.02,7.04,8.74,12.5,9.36,12
543.0902,5.9,7.54,8.54,13,9.28,11.48
543.4345,5.64,7.12,8.32,12.86,9.32,11.52
543.7788,5.86,7.68,8.2,12.88,10.12,11.44
544.1231,6.62,7.82,8.64,13.42,9.92,11.44
544.4674,5.58,7.86,9.42,14.44,9.98,11.82
544.8117,5.94,6.94,9.08,12.94,10.08,12.48
545.156,7.18,8.08,9.12,14.16,10.58,12.64
545.5003,6.18,8.06,8.42,13.56,10.44,11.84
545.8446,7.1,7.92,8.88,14.02,9.6,12.5
546.1889,6.74,8.64,8.34,13.68,9.24,11.06
546.5332,6.32,7.46,8.16,12.96,9.34,10.28
546.8775,6.06,7.6,8.1,12.18,10.22,12.16
547.2218,7.24,8.8,9.7,14.2,10.76,12.8
547.5661,6.14,9.38,9.3,13.9,10.88,12.42
547.9104,5.9,8.24,8.16,12.58,10.24,11.42
548.2547,6.92,7.58,8.04,13.32,9.68,12.16
548.599,6.82,8.4,9.34,14.18,10.52,12.62
548.9433,6.96,9.2,9.42,14.72,10.66,12.2
549.2876,5.66,6.48,7.48,12.48,10.36,11.58
549.6319,7.02,7.6,8.8,13.7,9.72,11.62
549.9762,6.5,7.7,9.66,12.36,10.18,11.72
550.3205,6.46,6.48,8.46,13.16,10.5,11.34
550.6648,5.8,7.88,7.72,12.8,9.7,10.76
551.0091,5.5,7.86,8.38,13.4,10.18,11.7
551.3534,5.92,8.04,8.1,13.46,9.68,12.5
551.6977,6.52,7.96,8.52,14.5,10.26,12.82
552.042,7.3,8.58,9.5,15.02,10.64,13.44
552.3863,6.4,7.08,8.44,13.06,10.54,12.36
552.7306,6.58,7.62,9.08,13.18,10.18,10.88
553.0749,6.68,7.88,9.08,14.02,10.44,13.48
553.4192,6.74,7.82,9.56,14.52,10.08,12.5
553.7635,6.14,7.4,8.54,13.42,9.74,11.26
554.1078,6.06,7.9,8.46,12.94,9.62,12.12
554.4521,5.08,7.32,8,12.48,9.68,11.62
554.7964,6.04,6.98,8.56,13,9.78,11.5
555.1407,6.3,7.96,8.92,14.4,10.64,12.16
555.485,6.88,7.96,9.92,14.68,10.96,12.76
555.8293,5.98,7.14,8.94,13.64,10.06,12.3
556.1736,6.86,9.04,9.32,13.84,11.02,12.98
556.5179,6.4,8.18,8.62,14.72,9.8,12.1
556.8622,5.44,7.38,8.02,13.14,10.6,10.74
557.2065,7,8.12,9.66,15.1,10.52,11.98
557.5508,7.32,8.16,8.92,14.02,10.32,12.2
557.8951,6.44,8.26,9.2,14.68,10.8,12.02
558.2394,6.18,8.16,9.34,14.46,10.42,12.5
558.5837,6.66,8.68,9.26,14.52,11.04,12.04
558.928,6.46,7.54,8.96,14.94,10.88,13.2
559.2723,7.2,7.7,8.54,14.58,11.64,12.6
559.6166,7.42,7.54,9.62,15.48,11.72,13.52
559.9609,7.18,8.4,10,15.28,10.72,13.48
560.3052,6.54,7.46,8.12,14.8,11.06,12.56
560.6495,6.56,8.2,10.42,15.46,11.3,13.24
560.9938,6.32,8.66,8.84,14.72,10.14,12.42
561.3381,6.12,8.3,8.92,14.34,10.58,13.7
561.6824,6.8,8.36,8.88,14.9,12.04,13.14
562.0267,5.8,8.04,9.14,14.6,11.46,13.02
562.371,6.66,7.82,9.08,15.1,10.54,12.38
562.7153,6.18,8.5,9.58,15.16,11.18,12.18
563.0596,6.62,8.36,9.42,16.08,12,13.36
563.4039,7.66,8.4,9.12,14.6,11.26,12.96
563.7482,7.48,9.44,9.46,15.94,13,14.48
564.0925,7.52,9.02,9.78,15.2,12.08,13.92
564.4368,7.18,8.72,10.4,15.8,12.08,13.48
564.7811,6.18,8.54,9.12,15.82,10.5,13.08
565.1254,6.86,8.54,9.9,16.2,11.5,13.6
565.4697,6.38,7.62,8.84,15.52,10.82,13.18
565.814,5.42,7.9,8.72,14.86,10.86,13.12
566.1583,5.86,8.16,9.44,15.14,10.08,14.12
566.5026,6.92,8.2,9.82,16.76,11.34,13.82
566.8469,8.14,9.44,10.46,16.78,13.38,14.28
567.1912,6.94,8.38,8.5,15.04,10.86,13.3
567.5355,7.2,8.32,9.92,16.62,11.1,12.86
567.8798,7.86,9.76,9.1,17.14,11.18,13.76
568.2241,6.8,8.72,10.8,16.54,12.26,14.8
568.5684,8.24,9.12,10.32,16.52,11.66,14.52
568.9127,5.72,7.52,9.42,16.48,12.12,13.42
569.257,6.46,9.14,10.98,16.68,11.88,13.36
569.6013,7.7,9.34,9.5,17.36,12.42,14.94
569.9456,7.18,9.56,10.8,17.2,12.12,13.76
570.2899,6.22,9.14,9.76,16.66,11.96,12.72
570.6342,7.5,8.94,10.46,16.86,11.56,15.02
570.9785,7.28,8.96,10.06,16.74,11.84,14.08
571.3228,7.42,7.66,9.5,17.24,12.14,14.04
571.6671,7.2,8.56,10.28,17.06,11.6,13.6
572.0114,7.52,8.86,10.24,17.46,12.64,15.44
572.3557,6.52,9.12,9.3,16.52,11.04,13.42
572.7,7.12,9.36,10.26,17.6,11.78,14.24
573.0443,6.76,9.78,10.72,18.08,12.04,14.88
573.3886,7.54,8.68,10.9,17.4,12.3,14.38
573.7329,6.46,9.1,9.82,16.36,11.44,14.46
574.0772,6.28,8.56,10.42,16.98,13.04,14.7
574.4215,6.98,8.34,10.56,17.38,13.18,14.54
574.7658,7.12,8.98,9.98,17.46,11.92,13.92
575.1101,7.68,8.48,10.62,17.38,12.9,14.9
575.4544,6.4,9.44,9.92,16.82,11.98,14.06
575.7987,7.58,9.34,10.34,16.58,12.54,15.02
576.143,6.76,9.16,10.56,17.52,12.58,15.28
576.4873,7.02,9.7,10.92,18.18,12.52,15.2
576.8316,6.78,8.64,10.16,17.18,12.02,15.86
577.1759,7.08,10.16,10.54,17.72,12.18,14.44
577.5202,7.98,8.98,10.56,18.94,13.44,14.72
577.8645,7.92,8.54,11.34,18.44,12.5,14.76
578.2088,6.8,7.86,10.44,17.64,12.58,14
578.5531,7.84,9.02,10.2,18.56,12.5,14.6
578.8974,7.62,10.88,11.36,19.4,13.74,15.86
579.2417,7.38,9.24,10.54,18.4,12.64,14.56
579.586,7.96,10.24,12.14,19.66,13.34,16.36
579.9303,7.12,8.82,10.96,19.06,11.9,14.92
580.2746,6.12,9.26,11.14,18.46,14.54,15.12
580.6189,7.56,9.66,10.74,19.32,12.72,15.4
580.9632,7.56,9.48,10.78,18.46,13.48,16
581.3075,7.16,9.58,11.34,19,12.26,15.56
581.6518,7.1,9.08,9.64,16.84,11.6,14.82
581.9961,7.3,9.28,11.6,18.62,13.82,15.08
582.3404,7.26,9.42,10.26,19.02,14.26,16.04
582.6847,7.58,8.66,11.6,18.28,13.28,14.46
583.029,6.68,9.34,10.44,17.52,13.38,16.54
583.3733,6.9,10.16,10.64,18.22,12.56,15.16
583.7176,7.98,9.74,11.12,19.18,12.3,15.46
584.0619,7.46,9.4,10.98,18.8,13.08,15.18
584.4062,7.14,9.52,11.62,18.44,12.24,13.92
584.7505,7.4,9.08,10.66,18.58,12.98,14.82
585.0948,7.36,9.58,11.04,18.96,12.78,14.28
585.4391,8.98,10.28,11.68,19.88,14.62,15.62
585.7834,8.16,9.7,10.16,20.48,13.42,15.82
586.1277,7.78,10.86,11.8,21.7,14.42,16
586.472,6.98,9.2,11.1,19.72,12.82,15.56
586.8163,7.78,10.72,12.62,20.88,14.52,16.36
587.1606,8.82,10.96,12.6,22.02,14.38,17.28
587.5049,7.5,10.26,12.18,19.88,13.68,16.04
587.8492,7.8,9.64,12.36,21.74,13.32,15.88
588.1935,7.84,9.78,12.9,20.84,14.66,16.04
588.5378,8.74,10.88,11.34,21.42,13.28,15.42
588.8821,7.22,8.96,11.62,19.94,12.76,15.94
589.2264,7.46,10.14,11.56,21.7,14.18,16.62
589.5707,8.6,9.56,11.94,22.64,14.58,16.94
589.915,8.06,9.88,12.74,22.36,14.24,16.88
590.2593,8.02,10.62,12.58,21.86,14.12,17.04
590.6036,7.36,10.1,11.72,21.68,13.64,15.94
590.9479,7.82,10.6,11.84,20.82,13.64,16.98
591.2922,7.86,9.44,12.18,20.88,13.68,17.22
591.6365,7.86,9.18,12.74,21.62,14.88,17.18
591.9808,8.02,9.1,11.82,20.22,13.2,16.46
592.3251,7.3,9.72,10.9,20.98,13.98,16.56
592.6694,8.46,9.98,12.7,21.3,14.08,17.06
593.0137,8.28,9.68,11.38,21.28,13.4,16.9
593.358,8.12,10.8,12.92,21.9,15.08,16.66
593.7023,7.88,10.06,12.22,22.74,14.14,16.82
594.0466,7.18,10.38,11.7,22.42,14.4,16.52
594.3909,7.34,10.78,12.22,21.76,14.22,17.18
594.7352,7.92,9.64,12.12,21.96,15.3,17.24
595.0795,7.58,9.78,11.32,22.38,14.24,16.8
595.4238,9.04,10.16,13.3,23.9,14.74,18.82
595.7681,9.06,11.3,14.08,25.56,16.44,18.86
596.1124,8.64,10.8,13.96,24.64,15.86,17.48
596.4567,8.48,10.58,12.44,23.74,14.9,17.66
596.801,7.04,10.82,12.3,24.92,16.22,18.82
597.1453,8,11.42,12.82,24.28,15.14,17.68
597.4896,8.12,10.78,13.4,25.4,16.04,17.86
597.8339,8.24,10.78,13.24,24.62,14.98,18.52
598.1782,7.84,9.9,14.12,23.86,15.08,18
598.5225,8.38,10.94,12.56,24.96,14.78,18.4
598.8668,8.5,11.34,13.38,24.26,14.96,17.94
599.2111,8.26,11.54,13.54,23.56,15.86,18.38
599.5554,8.38,10.68,12.44,24.06,15.76,17.78
599.8997,6.74,9.84,11.98,23.14,14.54,17.16
600.244,8.08,10.12,13.44,23.24,15.14,17.86
600.5883,8,11.14,12.9,23.8,16,17.88
600.9326,7.14,10.34,12.36,22.42,14.36,18.3
601.2769,8.08,11.06,13.3,24.1,15.72,19.04
601.6212,8.06,10.32,12.56,24.06,15.72,18.4
601.9655,9.16,11.42,12.46,24.22,15.1,17.7
602.3098,8.48,11.22,12.98,24.58,15.84,18.84
602.6541,8.44,10.1,12.78,24.42,16.6,18.12
602.9984,7.92,11.34,13.22,25.24,14.94,19.2
603.3427,8.96,12.28,12.92,27.12,16.08,20.6
603.687,7.9,10.5,13.86,26.08,16.66,19.32
604.0313,8.78,11,14.34,26.12,16.7,19.18
604.3756,9.54,11.56,15.24,28.04,17.76,19.7
604.7199,9.54,12.64,15.32,28.36,17.18,20.2
605.0642,7.72,11.34,13.9,27.46,15.4,19.74
605.4085,7.88,9.9,13.18,27.2,16.24,18.68
605.7528,7.74,11.32,13.7,26.88,17.06,19.14
606.0971,7.76,10.46,13.64,27.5,16.18,20.34
606.4414,7.98,11.78,14.14,27.04,16.96,19.44
606.7857,9.74,12.36,15.12,29.12,17.96,22
607.13,8.12,11.54,14.16,26.74,16.88,19.58
607.4743,7.98,10.94,13.2,25.74,15.66,19.12
607.8186,7.62,9.58,13.56,25.96,16.82,18.98
608.1629,8.12,12.74,13.6,28.06,16.38,19.28
608.5072,9.12,11.82,13.64,25.66,17.58,20.12
608.8515,8.86,11.76,14.2,25.58,16.46,19.88
609.1958,7.76,11.64,13.58,26.24,16.84,19.76
609.5401,9.12,11.28,14.62,26.8,17.44,20.1
609.8844,8.2,11.16,13.84,27.04,17.34,19.82
610.2287,9,11.88,14.88,27.56,17.72,19.96
610.573,9.16,11.92,15.64,27.24,17.88,20.8
610.9173,8.3,11.38,14.72,27.9,17.04,20
611.2616,8.74,11,14.2,28.08,17.22,19.66
611.6059,7.96,11.06,14.3,28.6,17.66,19.66
611.9502,8.86,11.88,15.1,29.46,17.34,21
612.2945,9.78,13.04,16.22,29.92,18.66,21.52
612.6388,9.18,12.36,15.34,30.6,18.68,21.34
612.9831,9.68,12.74,15.52,31.38,18.42,20.64
613.3274,9.18,12.22,15.48,31.12,18.9,21.46
613.6717,9.54,11.4,15.3,31.28,18.92,21.56
614.016,8.78,12.82,15.58,31.22,18.4,21.42
614.3603,8.82,12.06,15.76,30.56,18.62,21.28
614.7046,8.54,12.06,15.62,30,18.08,21.3
615.0489,10.18,11.84,15.94,31.08,19.1,22.16
615.3932,8.5,12.22,14.7,29.02,17.66,20.52
615.7375,9.94,12.92,16.2,29.6,19.28,22.34
616.0818,8.7,11.24,15.26,29.82,17.68,20.54
616.4261,8.68,11.18,15.26,28.8,17.72,19.5
616.7704,9.74,13.44,14.7,29.58,18.24,21.24
617.1147,8.82,12.96,14.62,28.94,18.5,20.52
617.459,8.56,11.9,13.44,28.14,17.7,21.5
617.8033,8.8,11.8,15.26,28.58,18.08,20.56
618.1476,9.58,12.56,15.64,29.2,19.12,20.82
618.4919,8.42,11.16,14.26,28.16,17.28,20.38
618.8362,9.84,12.06,15.12,30.2,18.12,21.84
619.1805,8.96,12.3,15.58,29.9,18.62,22.24
619.5248,8.82,12.82,14.82,31,18.92,21.74
619.8691,9.9,13.12,17.04,32.3,20.52,22.64
620.2134,8.62,11.66,14.66,31.12,18.84,21.02
620.5577,9.9,12.84,16.32,32.16,19.76,22.88
620.902,10.18,12.78,17.56,34.16,20.18,23.68
621.2463,9.92,13.24,16.32,33.86,20.54,23.4
621.5906,9.1,12.46,15.78,33.36,19.96,21.62
621.9349,8.96,12.9,15.12,33.8,18.92,23.24
622.2792,9.82,12.68,15.8,34.14,18.32,21.7
622.6235,9.66,12.74,16.6,34.1,20.1,23.04
622.9678,9.98,13.02,16.2,33.16,20.28,22.14
623.3121,8.4,11.9,14.78,32.02,20.22,21.3
623.6564,9.2,10.56,15.44,31.96,19.22,21.9
624.0007,8.96,13.18,16.24,33.86,18.92,23.36
624.345,8.8,12.38,15.88,33.12,20.74,22.5
624.6893,8.86,12.76,16.94,32.44,19.42,22.84
625.0336,10.1,12.36,15.64,33.14,19.56,21.5
625.3779,10.08,13.98,17.48,33.66,20.74,23.42
625.7222,11.12,13.22,17.72,34.84,20.26,22.92
626.0665,9.88,12.38,16.5,34,19.94,23
626.4108,8.96,12.76,16.22,33.5,19.12,22.26
626.7551,10.56,12.6,16.52,35.34,19.76,22.96
627.0994,10.52,14,17.32,35.96,20.68,23.2
627.4437,9.34,13.62,16.7,35.64,21.08,23.62
627.788,10.64,12.98,17.58,36.76,20.52,23.2
628.1323,10.58,13.6,19.42,37.84,22.32,24.2
628.4766,10.78,14.48,18.78,38.38,22.4,24.18
628.8209,9.4,14.26,17.18,37.38,21.82,23.7
629.1652,10.06,14.26,17.86,38.4,21.08,23.14
629.5095,10.42,13.78,18.28,39.38,23,23.74
629.8538,10.62,14.06,18.3,38.44,21.56,24.94
630.1981,9.94,13.68,17.92,38.82,22.46,24.12
630.5424,9.84,14.12,19.3,38.1,21.5,25.1
630.8867,10.68,13.52,17.94,38.44,21.38,23.8
631.231,11,14.06,19.28,39.76,22.98,24.82
631.5753,10.34,14.34,19.1,37.58,22.36,24.56
631.9196,9.92,13.5,18.26,36.52,21.94,24.58
632.2639,10.7,13.88,18.66,37.28,22.04,24.44
632.6082,11.22,13.88,18.28,38.3,22.24,23.9
632.9525,10.44,14.04,18.68,37.88,22.02,23.72
633.2968,9.88,14.12,18.2,37.64,20.84,24.58
633.6411,9.46,12.94,18.1,38.02,20.86,23.32
633.9854,10.7,13.48,17.6,38.5,22.04,23.92
634.3297,10.42,14.16,19.42,38.98,20.92,24.36
634.674,10.64,13.48,17.36,38.24,21.82,22.92
635.0183,10.94,15.16,19.24,41.34,23.08,25.08
635.3626,9.36,13.42,18.98,40.56,22.1,25.2
635.7069,10.54,13.96,20.08,40.78,22.7,24.52
636.0512,9.56,12.78,17.78,41.06,22.26,24.2
636.3955,9.34,13.92,17.9,40.24,22.24,25.1
636.7398,10.24,13.18,18.18,40.58,22.82,24.78
637.0841,10.88,15.06,19.02,42.04,23.18,24.54
637.4284,11.46,13.84,19.46,41.6,23.52,25.54
637.7727,11.18,13.98,18.5,41.66,23.44,24.84
638.117,8.56,14.96,18.64,40.24,22.02,24.02
638.4613,10.46,14,19.44,42.04,23.22,24.92
638.8056,9.5,13.82,18.62,41.68,22.98,24.72
639.1499,11.34,13.9,19.24,42.28,22.14,24.82
639.4942,11.2,15.54,19.84,41.92,23.78,26.18
639.8385,10.18,14.74,19.22,42.66,23.48,25.88
640.1828,10.38,12.44,19.28,41.82,21.98,24.66
640.5271,10.78,14.94,20.78,45.18,24.46,25.52
640.8714,10.2,14.14,18.9,43.6,23.26,25.8
641.2157,11,14.72,20.3,45.92,23.58,26.58
641.56,11.04,15.48,20.44,47.82,24.86,25.44
641.9043,9.76,15.06,20.54,48.6,23.88,24.86
642.2486,9.48,15.64,21.04,51.98,24.66,27.12
642.5929,10.74,15.6,21.72,53.1,25.5,27.32
642.9372,12.5,17.1,22.94,56.34,27.2,28.44
643.2815,12.74,16.12,22.96,57.6,26.96,28.8
643.6258,10.58,14.9,22.24,60.08,25.38,27.06
643.9701,10.54,16.28,22.82,63.94,26.84,27.44
644.3144,11,15.16,23.94,69.52,26.14,28.44
644.6587,12.08,14.9,24.16,74.72,28.38,29.52
645.003,11.24,15.98,25.08,81.62,28.36,29.04
645.3473,9.88,14.9,26,90.6,28.58,29.46
645.6916,10.94,16.7,27.76,103.26,30.74,32.5
646.0359,11.26,16,30.04,114.52,31.78,31.8
646.3802,13.44,16.64,32.64,132.62,35.56,35.14
646.7245,11.44,16,33.8,150.8,34.94,35.5
647.0688,12.52,16.1,37.76,172.56,38.36,39.24
647.4131,11.68,17.28,40.3,198.64,40.44,41.34
647.7574,11.04,16.98,45.64,231.3,44.76,42.38
648.1017,12.04,18.7,50.34,266.88,48.94,46.9
648.446,11.78,20.18,54.82,305.4,52.94,52.02
648.7903,12.74,19.26,59.74,348.78,56.7,54
649.1346,13.28,21.86,67.54,394.28,62.28,59.92
649.4789,12.6,21.86,73.58,439.08,68.42,64.42
649.8232,13.02,23.44,78.86,488.72,72.4,69.78
650.1675,13.62,23.26,85.04,531.56,77.84,72.96
650.5118,13.98,22.78,90.96,573.2,82.22,77.1
650.8561,13.96,25.32,94,609.92,86.86,81.8
651.2004,14.86,24.92,100.88,643.92,89.42,84.14
651.5447,13.98,25,102.72,666.94,92.78,85.56
651.889,14.04,27.42,106.66,693.52,96.66,88.74
652.2333,14.38,26.18,109.02,707,96.9,90.18
652.5776,12.78,27.96,110.14,722.78,98.2,90.76
652.9219,13.58,28.02,113.8,729.56,99.48,90.98
653.2662,14.94,25.78,114.66,736.74,100.66,93.2
653.6105,14.72,26.56,113.62,746.34,101.14,93.16
653.9548,14.52,26.48,116.32,749.78,101.36,93.18
654.2991,14.54,27.54,117.56,756.5,104,95.92
654.6434,14.54,27.94,118.9,765.66,104.78,96.58
654.9877,14.46,27.1,118.56,768.4,105.88,96.54
655.332,14.54,26.6,119.6,776.44,107.6,97.16
655.6763,14.98,27.98,122.66,783.6,106.82,97.82
656.0206,14.02,27.2,121.62,793.66,107.82,100.1
656.3649,15.44,26.64,122.1,797,107.94,100.24
656.7092,14.44,28.08,122.82,806.16,109.7,99.28
657.0535,15.2,28.7,125.72,813.68,112.22,102
657.3978,14.46,28.84,127.4,821.74,112.72,102.82
657.7421,14.9,29,127.74,828.42,113.96,104.34
658.0864,15.1,28.74,128.1,833.44,113.94,104.64
658.4307,15.74,29.72,130.6,844.42,115.3,105.38
658.775,15.24,29.62,132.36,845.9,114.74,106.78
659.1193,15.22,28.92,132.46,857.68,117.24,107
659.4636,14.5,29.46,133.42,867.72,117.24,106.62
659.8079,14.14,28.8,132.54,871.54,117.48,107.06
660.1522,15.02,29.86,135.44,879.3,120.5,109.32
660.4965,14.9,30.44,136.72,888.38,120.82,108.36
660.8408,15.32,31.16,138.22,891.82,120.76,110.42
661.1851,15.16,29.12,138.36,897.78,120.96,111.4
661.5294,14.78,30.02,139.92,908.64,122.82,110.46
661.8737,15.26,29.38,141.12,913.22,124.5,114.18
662.218,15.16,31.56,143.76,923.3,125.98,112.72
662.5623,15.28,30.32,144.4,928.38,126.04,116.72
662.9066,16.04,31.8,146.28,936.94,128.5,115.84
663.2509,15.7,31.26,148.44,945.74,129.56,117.2
663.5952,15.7,30.34,146.06,949.76,127.52,118.42
663.9395,15.54,31.5,151.3,961.1,131.22,118.54
664.2838,15.18,31.2,147.96,967,129.72,119.64
664.6281,15.54,32.44,152.76,977.5,131.54,120.34
664.9724,17.14,33,153.78,983.72,134.02,122.54
665.3167,16,33.32,154.44,985.98,135.18,120.96
665.661,15.24,32.16,153.86,994.12,135.36,121.9
666.0053,15.46,31.92,157.52,1001.72,135.24,123.78
666.3496,15.84,32.5,156.92,1010.14,136.38,124.94
666.6939,16.7,32.92,157.74,1011.98,137.58,123.8
667.0382,15.18,32.3,159.14,1014.92,138.96,126.02
667.3825,15.64,32.1,158.44,1022.18,138.78,126.34
667.7268,15.86,32.24,160.18,1029.7,139.8,125.64
668.0711,15.76,33.9,161.8,1035.68,139.24,127.22
668.4154,16.28,33.14,163.9,1037,140.8,128.28
668.7597,16.9,32.26,162.78,1042.18,139.78,129.3
669.104,16.06,34.24,163.18,1049.16,143.2,128.62
669.4483,17.44,34.24,165.1,1052.04,143.96,130.88
669.7926,15.62,34.36,165.84,1055.86,143.48,130.96
670.1369,15.92,33.34,166.78,1059.42,144.46,131.04
670.4812,16.42,33.28,166.46,1061.08,145.86,131.24
670.8255,17.46,35.92,168.74,1069.5,146.54,133.6
671.1698,16.68,33.9,168.94,1066.32,147.6,132.98
671.5141,16.64,35.08,169.38,1074.84,146.64,131.98
671.8584,15.82,34.1,171.02,1075.74,146.68,132.9
672.2027,17.4,35.9,170.16,1085.66,148.84,135.1
672.547,16.64,34.22,171.64,1087.64,148.4,135.26
672.8913,16.6,35.08,173.46,1088.22,150.98,134.62
673.2356,15.46,33.98,174.18,1099.92,149.82,137.08
673.5799,16.8,35.22,177,1105.86,152.06,138.22
673.9242,16.74,35.32,177.54,1107.58,151.82,139.82
674.2685,17.32,35.22,177.2,1116.42,154.24,139.34
674.6128,16.82,35.06,180.22,1124.54,153.82,138.04
674.9571,14.88,35.56,179.46,1134.4,156.18,137.86
675.3014,17.1,37.18,182.62,1134.86,156.3,141.56
675.6457,17.02,38,183.66,1148.46,158.86,143.24
675.99,17.16,36.8,185.82,1157.88,160.96,144.36
676.3343,17.56,36.52,186.02,1164.04,160.66,144.86
676.6786,17.72,37.3,188.48,1172.56,164.84,145.44
677.0229,17.1,38.1,190.68,1183.36,166.88,147.26
677.3672,17.22,38.22,190.66,1189.8,166.36,149.66
677.7115,17.72,39.06,194.24,1202.6,167.42,149.9
678.0558,16.16,38.96,196.62,1213.66,166.82,150.26
678.4001,17.8,38.7,196.08,1224.06,170.24,152.76
678.7444,19.64,40.12,199.38,1230.92,172.2,154.9
679.0887,16.78,39.92,200.42,1243.9,173.66,153.24
679.433,18.08,39.92,202.18,1247.52,172.8,154.4
679.7773,17.76,40.18,203.24,1258.28,174.74,156.5
680.1216,17.04,39.4,204.32,1268.08,176.28,157.1
680.4659,19.28,41.94,206.04,1273.22,179.64,159.74
680.8102,19.94,41.9,210.06,1282.44,179.04,159.82
681.1545,18.2,41.34,209.56,1291.08,179.68,163.36
681.4988,19.14,41.08,211.7,1302.34,179.94,163
681.8431,17.4,41.14,212.54,1306.36,181.5,162.3
682.1874,17.62,42.4,214.14,1308.92,183.44,165.7
682.5317,17.58,41.48,215.46,1315.84,183.92,164.54
682.876,18.94,42.74,215.48,1321.54,185.8,166.52
683.2203,19.6,43.28,217.66,1327.34,187.06,167.84
683.5646,18.32,43.22,218.92,1329.26,186.52,168.3
683.9089,19.04,42.82,218.74,1334.06,187.78,168.46
684.2532,19.48,42.82,220.06,1335.24,187.52,169.98
684.5975,18.32,42.68,219.84,1340.24,187.3,168.8
684.9418,18.32,42.74,220.44,1341.88,189.24,168.88
685.2861,18.94,43,221.38,1345.24,190.36,169.34
685.6304,18.4,41.94,221.18,1348.36,190.02,171.06
685.9747,19.66,44.1,222.68,1350.14,190.54,170.18
686.319,20.78,43.3,225.02,1347.76,190.12,171.18
686.6633,18.94,44.7,223.48,1356.68,191.76,171.2
687.0076,18.62,43.38,225.42,1356.52,191.98,171.96
687.3519,19.96,44.64,224.76,1360.7,194.74,174.04
687.6962,20.16,44.26,225.36,1364.34,192.8,172.94
688.0405,19.2,44.86,226.98,1372.74,194.42,176.24
688.3848,18.54,43.92,230.26,1375.5,194.32,174.44
688.7291,19.38,45.6,231.96,1383.58,196.82,177.54
689.0734,20.16,46.6,232.54,1391.08,200.18,176.5
689.4177,20.66,46.08,232.82,1395.18,202.98,179.66
689.762,19.42,45.36,232.8,1403.06,200.48,181.12
690.1063,20.54,46.12,236.62,1410.66,202.32,179.2
690.4506,20.78,47,238.04,1418.46,203.82,181.8
690.7949,20.56,47.34,239.84,1427.06,205.38,182.42
691.1392,20.94,48.56,242.58,1435.12,206.4,186.64
691.4835,21.04,46.76,242.48,1443.72,206.84,184.02
691.8278,19.92,47.7,244.7,1456.72,211.02,186.76
692.1721,20.82,49.32,246.64,1463.8,210.74,187.28
692.5164,21.16,48.6,249.16,1470.52,213.22,189.98
692.8607,20.1,48.6,251.34,1487.08,213.3,190.22
693.205,20.14,49.3,252.92,1500.22,215.58,191.04
693.5493,21.5,48.76,258.12,1509.92,216,194.24
693.8936,21.1,50.08,258,1523.42,219.48,194.72
694.2379,21.94,51.22,261.68,1539.78,222.2,199.12
694.5822,22.54,51.26,263.04,1549,224.04,200.18
694.9265,22.98,52.44,265.2,1561.16,227,201.74
695.2708,21.98,52.36,266.94,1567.76,226.36,200.96
695.6151,21.7,52.46,271.4,1585.5,228.34,204.76
695.9594,22.08,52.3,273.02,1598.36,230.94,206.58
696.3037,22.16,54.24,275.2,1611.34,232.86,208.18
696.648,21.5,54.66,277.94,1622.52,237.46,209.04
696.9923,21.28,53.98,278.1,1627.46,236.44,208.6
697.3366,21.86,52.56,280.68,1642.22,237.82,211.78
697.6809,23.16,54.76,281,1649.72,240.98,212.48
698.0252,21.64,53.82,282.82,1653.78,240.4,215.68
698.3695,22.2,55.32,287.06,1660.3,243.16,216.04
698.7138,23.2,56.74,288.12,1670.44,244.64,216.08
699.0581,24,56.54,290.08,1674.1,242.96,219.6
699.4024,23.3,55.94,292.24,1682.8,247.72,218.36
699.7467,23.14,55.48,292.84,1687.86,247.12,218.46
700.091,23.9,56.42,294.08,1696.4,245.8,221.58
700.4353,23.18,56.76,295.56,1695.7,247.48,221.56
700.7796,23.16,57.02,296.98,1705.82,250.22,221.76
701.1239,23.92,58,296.88,1713.6,252.14,223.56
701.4682,23.5,56.76,298.08,1713.26,252.96,224.04
701.8125,24,58.18,299.2,1718.64,255.02,225.12
702.1568,24.86,58.26,298.96,1720.6,254.86,228.24
702.5011,23.34,58.68,302.26,1719.32,254.48,226.82
702.8454,24.68,58.78,301.98,1723.54,256.48,229
703.1897,25.34,58.24,303.02,1723.62,255.86,226.44
703.534,25.36,58.42,304.8,1724.72,255.1,228.54
703.8783,24.16,58.12,305.4,1726.62,256.12,226.84
704.2226,24.38,58.56,304.52,1724.54,256.98,227.72
704.5669,26.78,59,307.22,1738.48,260.5,229.06
704.9112,25.72,60.1,307.16,1744.52,261.42,232.22
705.2555,24.96,60.98,309.16,1751.5,261.44,232.06
705.5998,25.1,60.8,311.62,1756.06,263.08,235.46
705.9441,24.34,59.98,310.92,1765.3,265.04,233.34
706.2884,24.66,59.9,315,1768.56,266.1,236.84
706.6327,25.02,60.88,316.24,1770.72,265.44,237.9
706.977,25.6,62.14,318.28,1782.62,268.18,238.38
707.3213,25.18,61.54,318.88,1780.02,268.08,239.74
707.6656,25,61.02,319.86,1787.46,270.9,238.2
708.0099,26.9,62.5,321.54,1797.4,272.68,240.58
708.3542,26.54,63.14,322.88,1806.22,273,242
708.6985,26.5,62.88,327.14,1811.18,273.76,243.68
709.0428,26.34,64.12,330.18,1831.58,277.12,248.96
709.3871,26.66,63.4,332.84,1841.4,276.66,248.18
709.7314,26.38,64.2,333.04,1854.4,281.24,249.16
710.0757,28.62,66.5,335.2,1862.32,282.16,250.98
710.42,27.38,65,336.34,1876.04,285.16,251.96
710.7643,28.12,66.4,341.9,1882.38,285.68,253.34
711.1086,27.44,67.14,344.26,1895.14,287.02,255.54
711.4529,25.86,66.1,342.74,1904.42,289.6,255.96
711.7972,28.76,68.22,348.24,1915.38,292.64,259.68
712.1415,29.3,68.42,351.14,1929.3,293.6,258.64
712.4858,29.06,70.32,351.52,1934.28,298.24,260.58
712.8301,29.36,68.78,353.52,1953.24,298.98,265.16
713.1744,29.18,70.38,359.66,1967.24,300.44,267.22
713.5187,29.82,69.76,360.74,1984.26,304.72,268.26
713.863,29.32,72.24,365.14,1994.42,306.72,272.32
714.2073,28.6,70.32,368.28,2005.82,307.86,273.82
714.5516,28.88,71.56,369.48,2010.04,309.62,272.44
714.8959,30.6,71.62,370,2020.26,309.88,275.58
715.2402,29.88,73.24,371.66,2017.04,311.84,275.6
715.5845,30.02,72,372.1,2034.52,313.66,274.88
715.9288,29.56,72.94,370.82,2034.48,313.24,277.68
716.2731,29.58,72.16,373.72,2034.64,315.94,276.84
716.6174,30.48,74.86,378.14,2045.14,318.08,280.68
716.9617,28.76,74.6,381.08,2058.56,318.36,282.7
717.306,29.98,74.56,383.8,2073.42,321.66,281.54
717.6503,31.1,75.92,386.14,2084.64,323,286.68
717.9946,28.5,76.66,388.24,2099.02,325.28,285.9
718.3389,30.9,76.38,389.38,2108.34,327.7,290.66
718.6832,30.86,76.46,393.46,2110.24,329,289.58
719.0275,31.58,76.7,394.9,2123.04,330.4,293
719.3718,30.6,77.1,393.6,2114.82,330.66,288.78
719.7161,32.88,78.18,395.28,2121.74,332.8,293.68
720.0604,31.5,78.34,397.68,2127.82,333,291.78
720.4047,30.9,78.92,397.52,2122.8,331.9,293.2
720.749,32.56,78.1,400.38,2136.24,334.26,294.88
721.0933,30.58,78.02,401.98,2144,338.3,295.56
721.4376,30.32,78.68,401.88,2150.7,337.36,295.42
721.7819,32.84,80.08,407.08,2169.08,341.54,300.42
722.1262,32.26,81.12,410.48,2182.34,345.76,302.38
722.4705,32.3,80.32,413.56,2195.4,345.64,301.98
722.8148,32.8,82.68,419.04,2207.38,346.88,306.46
723.1591,32.7,81.5,417.62,2207.42,350.3,306.2
723.5034,33.56,82.52,420.98,2215.24,352,309.28
723.8477,34.14,83.72,423.34,2222.5,354.68,309.28
724.192,34.18,83.58,423.7,2227.64,354.1,311.24
724.5363,34.26,83.1,424.4,2229.06,353.78,312.48
724.8806,34.04,84.96,426.2,2233.2,357.9,312.94
725.2249,32.66,85.58,430.76,2245.04,359.08,315.46
725.5692,35.74,87,431.12,2263.72,361.76,318.96
725.9135,35.2,86.74,435.14,2275.16,364.76,317.08
726.2578,34.54,88.02,439.84,2297.58,368.44,324.5
726.6021,34.44,87.02,442.24,2306.34,371.24,325.14
726.9464,35.52,88.6,449.22,2327.3,374.38,327.04
727.2907,34.12,89.16,446.98,2334.36,376.36,328.8
727.635,35.04,87.74,450.5,2341.82,374.88,329.56
727.9793,35.74,90.82,454.84,2344.5,379.54,333.22
728.3236,35.56,89.26,457.98,2348.9,379.54,332.28
728.6679,36.18,91.86,457.14,2353.06,382.04,334.04
729.0122,37.58,92.68,457.9,2359.12,383.9,336.52
729.3565,38.16,91.64,460.8,2355.46,385.28,338.02
729.7008,37.34,93.86,462.5,2358.34,386.76,340.04
730.0451,37.14,92.54,465.3,2378.34,387.88,340.44
730.3894,37.26,93.06,469.24,2387.62,390.58,340.88
730.7337,38.08,94.64,473.42,2396.68,393.78,345.34
731.078,37.72,95.54,475.3,2409.08,398.1,348.12
731.4223,38.18,94.82,477.08,2411.08,396.88,345.92
731.7666,39.52,96.7,477.1,2417.58,401.7,350.32
732.1109,37.64,94.92,478,2415.12,398.16,349.16
732.4552,37.56,96.54,479.74,2411.86,399.98,350.74
732.7995,39.74,96.14,479.16,2404.28,399.72,349.82
733.1438,38.8,95.48,477.86,2394.54,398.96,348.16
733.4881,39.12,96.82,478.88,2387.52,399.72,348.92
733.8324,38.96,96.1,476.32,2379.96,399.32,346.62
734.1767,38.7,97.62,478.34,2371.26,397.26,349.58
734.521,38.72,96.62,480.82,2371.42,401.32,352.08
734.8653,38.98,98.38,482.78,2376.58,401.78,350.82
735.2096,40.28,99.68,483.46,2378.36,403.62,354.66
735.5539,39.66,99.96,487.9,2388.8,408.42,356.1
735.8982,40.4,99.52,487.14,2389.14,408.98,356.18
736.2425,40.88,98.72,489.96,2386.2,408.78,355.82
736.5868,40.1,98.74,489.28,2380.1,408.14,356.92
736.9311,40.66,99.24,486.32,2367.08,409.32,353.94
737.2754,41.5,99.72,485.26,2355.58,408.3,355.7
737.6197,41.06,100.34,483.02,2343.38,407.88,352.9
737.964,40.84,98.44,483.06,2324.66,406.28,351.96
738.3083,41.46,99.1,482.36,2308.34,406.1,353.14
738.6526,40.38,99.36,481.98,2305,404.36,351.52
738.9969,42.2,101.98,484.5,2297.52,405.58,356.68
739.3412,41.96,101.84,485.74,2299.64,404.52,354.16
739.6855,43.64,101.36,486.22,2305.5,409.96,359.7
740.0298,41.46,101.36,491.1,2319.58,410.58,359.56
740.3741,43.6,102.68,493.14,2322.96,414.56,360.74
740.7184,43.24,103.06,494.62,2330.44,416.34,362.48
741.0627,44.16,104.16,496.56,2334.22,417.52,364.38
741.407,42.98,103.26,497.48,2340.88,422.24,365.96
741.7513,45.46,104.68,500.94,2340.44,422.34,367.82
742.0956,45.44,104.64,500.1,2338.7,424.18,366.64
742.4399,44.38,106.5,502.76,2339.52,421.84,371.16
742.7842,44.86,106.3,502.04,2337.38,421.7,366.68
743.1285,45.8,106.3,505.58,2349.6,425.92,369.62
743.4728,45.94,107.66,507.38,2363.38,428.72,374.36
743.8171,45.68,109.48,512.98,2384.24,433.54,375.92
744.1614,45.52,109.98,522.2,2414.48,439.3,381.16
744.5057,45.96,110.88,526.22,2439.84,445.44,386.92
744.85,47.68,113.96,535.78,2476.5,449.14,393.06
745.1943,48.06,114.46,541.52,2512.08,454.42,394
745.5386,48.28,114.44,547.98,2545.74,460.84,399.3
745.8829,48.78,117.58,555.82,2585,465.62,405.32
746.2272,50.18,119.38,562.72,2612.16,471.38,409.36
746.5715,49.14,120.22,569.28,2651.5,477.48,411.68
746.9158,50.2,121.72,575.16,2687.18,479.84,418.42
747.2601,50.54,124.94,584.16,2732.68,486.08,421.12
747.6044,50.16,125.38,589.98,2779.18,490.62,428.62
747.9487,50.72,126.62,600.16,2825.1,499.8,431.16
748.293,52.52,130.2,609.24,2880.18,506.26,438.14
748.6373,51.1,131.94,616.96,2921.06,511.86,446.1
748.9816,52.04,131.34,626.52,2970.9,522.42,450.6
749.3259,52.66,134.98,637.26,3015.22,529.44,459.16
749.6702,54.34,134.04,642.72,3050.72,533.94,464.64
750.0145,53.06,137.16,651.12,3087.24,542.56,468.2
750.3588,54.82,140.56,656.32,3122.28,547.44,474.7
750.7031,56.9,141.92,665.26,3145.18,552.74,475.84
751.0474,54.92,141.48,669.24,3167.4,555.26,479.8
751.3917,56.96,143.84,673.78,3187.02,559.16,485.56
751.736,56.2,144.02,676.08,3190.3,562.58,486.88
752.0803,58.46,145.8,680.56,3203.16,563.38,487.3
752.4246,57.76,147.84,682.56,3217.54,566.68,493.48
752.7689,58.16,148.08,687.2,3232.78,570.96,492.66
753.1132,58.56,149.9,692.5,3257.14,576.5,496.82
753.4575,59.1,152.38,698.08,3290.6,583.08,505.16
753.8018,58.94,153.5,703.96,3318.38,588.12,508.44
754.1461,60.8,155.06,715.96,3346.74,592.96,510.64
754.4904,61.8,156.76,722.04,3380.6,602.8,519.64
754.8347,62.76,161.74,727.76,3401.16,607.18,526.24
755.179,62.36,162.28,732.04,3426.04,610.76,525.88
755.5233,64,163.9,736.34,3440.1,614.92,531.48
755.8676,63.76,162.16,737.32,3448.1,616.76,536.6
756.2119,64.76,163.3,743.74,3467.94,618.68,535.6
756.5562,64.24,165.88,748.26,3479.42,625.2,540.7
756.9005,65.54,167.82,752.72,3486.44,628.9,540.76
757.2448,64.44,167.44,757.74,3502.66,632.62,547.32
757.5891,66.86,169.66,764.62,3522.78,636.74,549.8
757.9334,66,171.38,767.16,3547.5,641.44,554.38
758.2777,67.52,174.5,774.1,3578.82,646.86,560.94
758.622,68.28,175.28,784.54,3613.24,653.42,565.08
758.9663,68.16,180.94,792.02,3641.3,663.52,572.48
759.3106,68.62,179.64,798.82,3678.18,672.02,580.78
759.6549,71.3,182.76,810.82,3715.58,681.5,586.52
759.9992,72.2,184.88,815.16,3730.94,686.66,589.44
760.3435,70.88,187.58,821.86,3760.88,692.5,595.78
760.6878,72.84,190.32,828.84,3784.94,694.76,601.2
761.0321,72.5,189.4,829.82,3792,699.1,605.32
761.3764,73.08,191.36,832.74,3803.62,704.54,606.48
761.7207,75.98,193.92,840.24,3822.8,707.82,614.26
762.065,75.96,197.64,843.76,3842.72,717.46,617.7
762.4093,76.72,200.16,852.74,3869.78,719.82,619.92
762.7536,79.38,202.68,863.3,3897,728.06,628.24
763.0979,79.98,203.02,867.84,3925.02,737.02,635.64
763.4422,82.1,206.94,877.78,3967.86,742.12,642.5
763.7865,83.98,211.84,891.6,3998.2,751.56,649.28
764.1308,85.62,216.48,901.28,4050.22,763.64,656.74
764.4751,85.44,217.08,910.7,4094.32,769.64,666.28
764.8194,86.32,221,922.02,4126.22,780.36,673.38
765.1637,89.92,223.9,928.12,4159.94,788.1,679.04
765.508,91.28,226.84,935.34,4181.68,793.88,684.64
765.8523,91.48,229.22,937.12,4180.98,797.08,686.86
766.1966,94.02,232.6,944.96,4207.96,803.24,693.44
766.5409,94.64,233.5,944.84,4214.36,806.4,698.48
766.8852,96.76,237.02,951.32,4221.34,811.4,699.06
767.2295,97.54,238.96,960.74,4235.22,815.26,703.84
767.5738,99.04,242.62,961.94,4245.96,819.02,707.04
767.9181,100.22,242.44,965.22,4274.32,821.28,713.14
768.2624,103.02,249.5,978.2,4284.24,832.24,719.92
768.6067,103.34,249.68,984.56,4329.3,843.74,726.56
768.951,104.84,253.78,998.44,4386.18,853.44,735.72
769.2953,107.42,260.72,1011.5,4424.24,863.28,745.92
769.6396,108.84,262.96,1022.42,4469.32,874.22,752.8
769.9839,109.36,267.3,1030.14,4487.8,878.68,759.52
770.3282,111.5,268.82,1032.76,4491.12,879.46,761.7
770.6725,113.02,269.58,1031.2,4477.32,883.3,763.32
771.0168,113.18,268.96,1028.94,4462.12,878.74,759.48
771.3611,111.94,269.96,1026.78,4445.02,878.7,759.04
771.7054,115.96,270.82,1028.98,4435.1,879.42,758.8
772.0497,115.5,273.06,1023.98,4425.88,876.68,762.12
772.394,114.58,272.04,1031.5,4432.76,887.44,763.96
772.7383,117.9,276.12,1034.64,4445.8,886.34,766.3
773.0826,118.36,277.72,1043.58,4481.1,898.32,774.06
773.4269,119.52,281.18,1055.3,4521,900.22,781.32
773.7712,123,285.5,1062.2,4552.76,910.5,789.8
774.1155,123.6,289.64,1072.82,4579.06,919.84,797.44
774.4598,124.36,291.4,1079.8,4611.98,930.2,799.08
774.8041,125.56,293.26,1089.42,4631.44,933.76,806.1
775.1484,128.82,295.36,1095.46,4641.22,940.78,806.38
775.4927,128.08,297.44,1093.3,4637.1,939.3,811.86
775.837,129.46,298.04,1093.38,4636.8,940.08,810.92
776.1813,130.44,300.46,1091.28,4616.92,940.5,810
776.5256,130.7,299.7,1088,4601.48,940.12,808.16
776.8699,130.48,300.06,1086.46,4588.16,933.92,809.88
777.2142,130.98,300.72,1088.96,4590.96,938.58,812.82
777.5585,132.54,300.56,1093.76,4588.98,943.12,814.32
777.9028,133.86,305.64,1099.58,4617.32,947.2,820.2
778.2471,136.04,306.38,1106.64,4646.22,953,826.96
778.5914,138.18,312.84,1117.9,4694.08,965.62,835.46
778.9357,137.44,316.48,1130.18,4721.72,972.9,842.82
779.28,142.06,319.44,1139.5,4766.34,984.76,848.6
779.6243,143,322.06,1146.06,4783.72,990.64,856.18
779.9686,144.4,326.02,1157.6,4809.94,995.58,862.3
780.3129,145.46,328.9,1161.82,4831.66,1003.14,868.5
780.6572,146.14,331.66,1170.6,4854.82,1012.84,874.8
781.0015,148.16,331.64,1174.66,4864.1,1013.92,876.32
781.3458,149.9,334.7,1178.38,4868.84,1020.48,874.24
781.6901,148.7,335.48,1177.08,4862.98,1014.36,877.2
782.0344,150,336.46,1180.86,4858.72,1017.38,879.92
782.3787,148.56,337.64,1180.9,4855.1,1016.44,877.38
782.723,149.72,338.94,1185.54,4871.14,1017.6,884.3
783.0673,152.84,340.88,1191.76,4891.22,1029.7,890.72
783.4116,152.18,344.34,1204.78,4922.18,1037.6,899.52
783.7559,157.4,349.48,1215.42,4976.68,1053.66,908.92
784.1002,159,354.74,1224.36,5024.14,1060.58,918.16
784.4445,161.86,358.82,1237.56,5050.54,1074.02,923.26
784.7888,163.74,359.88,1246.9,5073.44,1073.66,931.58
785.1331,162.38,362.44,1254.08,5107.92,1085.3,937.52
785.4774,165.52,367.94,1267.04,5138.8,1094.98,947.52
785.8217,166.8,369.5,1276.96,5162.2,1098.86,953.2
786.166,166.32,371.7,1277.74,5172.14,1105.22,956.3
786.5103,168.32,372.96,1280.62,5178.54,1105.72,958.56
786.8546,168.88,374.38,1285.2,5188.36,1111.06,961.18
787.1989,168.8,379.4,1293.04,5196.56,1112.12,963.54
787.5432,172.3,377.94,1292.76,5218.16,1117.04,967.4
787.8875,172.58,381.12,1296.84,5221.98,1125.34,965.62
788.2318,172.06,384.56,1301.68,5243.86,1126.86,974.2
788.5761,174.86,387.3,1308.44,5250.94,1136.4,980.94
788.9204,175.78,389.26,1315.18,5262.22,1136.6,983.34
789.2647,177.7,388.54,1314.46,5265.44,1138.38,985.2
789.609,177.72,392.36,1319.44,5264.08,1139.5,989.3
789.9533,179.54,392.18,1324.54,5283.5,1149.4,992.32
790.2976,182.06,398.78,1332.48,5301.5,1155.82,998.76
790.6419,181.52,397.36,1335.08,5324.3,1157.46,1001.22
790.9862,182.26,401.36,1346.18,5324.24,1164.02,1004.88
791.3305,183.82,402.84,1342.12,5334.28,1167.22,1009.82
791.6748,185.86,405.88,1351.62,5337.8,1170.84,1011.74
792.0191,187.06,408.38,1352.74,5362.22,1174.22,1012.94
792.3634,185.38,409.5,1361.48,5376.12,1177.9,1019
792.7077,189.26,415.08,1363.86,5387.42,1184.84,1023.96
793.052,191.6,414.96,1368.58,5396.38,1189.5,1026.5
793.3963,192.02,415.58,1366.56,5390.5,1191.72,1028.32
793.7406,193,417.66,1370,5399.84,1193.06,1027.9
794.0849,193.7,417.26,1364.6,5371.68,1188.52,1028.76
794.4292,195.16,418.54,1367.6,5354.82,1191.68,1028.74
794.7735,196,419.38,1365.28,5349.98,1190.2,1028.92
795.1178,196.48,422,1366.74,5336.54,1189.22,1026.78
795.4621,198.76,422.3,1367.1,5325.6,1193,1027.38
795.8064,200.1,423.08,1370.32,5341.48,1194.7,1026.64
796.1507,202.12,424.88,1376.5,5341,1194.88,1033.84
796.495,202.68,429.1,1385.36,5366.76,1207.64,1041.48
796.8393,202.12,432.42,1390.3,5385.56,1210.44,1047.78
797.1836,205.86,438.08,1390.74,5401.02,1213.34,1051.14
797.5279,207.14,437,1399.36,5410.34,1219.24,1055.6
797.8722,208.18,438.64,1406.04,5423.18,1224.86,1058.02
798.2165,209.14,444.16,1410.06,5427.54,1231.14,1062.46
798.5608,211.26,444.2,1409.92,5439.54,1233.22,1066.48
798.9051,212.32,450.2,1417.96,5444.84,1233.92,1067.28
799.2494,215.56,450.98,1420.72,5454.14,1237.64,1071.62
799.5937,213.66,452.06,1424.26,5459.32,1242.68,1074.86
799.938,217.66,452.88,1431.52,5464.32,1245.6,1080.48
800.2823,218.78,456.38,1425.94,5455.38,1245.4,1079.94
800.6266,221.48,458.64,1429.36,5450.64,1246.46,1078.38
800.9709,220.66,458.98,1429.54,5427.62,1244.4,1081.38
801.3152,222.02,457.52,1427.76,5407.62,1245.4,1081.14
801.6595,221.2,459.98,1426.5,5397.62,1244.56,1078.22
802.0038,221.38,457.92,1424.04,5395.68,1241.96,1073.94
802.3481,225.6,461.96,1427.48,5389.16,1249.56,1080.86
802.6924,227.04,464.26,1428.38,5402.06,1250.34,1083.18
803.0367,227.78,466.34,1439.88,5416.78,1259.66,1091.06
803.381,231.28,474.64,1455.02,5464.22,1271.4,1100.58
803.7253,233.68,477.84,1465.96,5507.9,1283.26,1114.76
804.0696,236.48,489.42,1485.88,5574.44,1302.82,1128.6
804.4139,239.28,492.44,1505.06,5615.72,1315.54,1135.12
804.7582,242.88,499.02,1513.28,5655.66,1327.48,1151.84
805.1025,245.8,500.1,1525.16,5684,1335.1,1156.72
805.4468,246.28,503.96,1529.26,5695.24,1341.04,1156.76
805.7911,246.76,506.36,1527.02,5684.14,1339.54,1162.48
806.1354,247.54,502.86,1520.42,5664.54,1334.34,1160.28
806.4797,248.44,504.42,1517.86,5619.06,1333,1155.74
806.824,246.96,501.32,1511.72,5581.96,1322.88,1145.66
807.1683,246.42,502.06,1498.94,5533.64,1315,1138.3
807.5126,244.6,499.56,1491.38,5506.14,1311.62,1136.08
807.8569,244.62,498.5,1488.2,5485.7,1304.96,1133.5
808.2012,247.14,500.96,1490.7,5500.24,1313.28,1134.84
808.5455,252.26,508.88,1502.38,5539.98,1324.08,1147.28
808.8898,257.04,516.94,1526.84,5603.6,1337.22,1162.72
809.2341,259.36,521.8,1542.06,5656.36,1352.8,1176.9
809.5784,264.86,530.8,1564.46,5747.36,1374.92,1195.2
809.9227,271.3,539.76,1589.72,5824.78,1397.96,1217.14
810.267,274.02,551.18,1615.74,5918.76,1420.68,1234.1
810.6113,276.88,556.42,1631.4,5984.8,1441.14,1245.8
810.9556,283.02,564.74,1649.42,6030.36,1451.66,1263
811.2999,282.54,564.88,1650.72,6022.64,1454.32,1260.98
811.6442,282.5,566.24,1648.82,6010.74,1453.28,1262.04
811.9885,281.16,566.48,1641.84,5969.96,1444.92,1250.28
812.3328,277.46,559.54,1617.86,5897.58,1430.28,1239.84
812.6771,279.08,552.82,1602.62,5819.12,1410.56,1224.96
813.0214,274.18,547.44,1582.44,5730.56,1392.44,1205.46
813.3657,272.88,543.74,1562.88,5672.4,1376.68,1190.12
813.71,270.62,536.42,1550.54,5626.06,1365.04,1182.58
814.0543,270.92,537.1,1546.3,5603.16,1356.84,1178.18
814.3986,272.3,542.36,1557.62,5621.32,1364.8,1185.54
814.7429,279.12,550.46,1573.96,5694.4,1385.42,1202.24
815.0872,283.1,564.28,1608,5797.66,1412.68,1226.88
815.4315,288.48,574.18,1640.38,5913.84,1445.66,1255.08
815.7758,295.46,586.94,1676.62,6031.64,1472.24,1275.88
816.1201,301.1,600.76,1706.62,6146.96,1504.54,1302.46
816.4644,308.5,611.3,1733.52,6239.52,1525.22,1324.42
816.8087,312.12,614.74,1750.16,6289.68,1540,1337.9
817.153,312.64,620.94,1752.36,6319.16,1546.72,1341.68
817.4973,315.78,621.58,1750.28,6298.4,1544.12,1335.64
817.8416,313.16,621.88,1744.52,6255.48,1535.92,1328.16
818.1859,308.52,613.54,1722.58,6178.88,1515.9,1313.94
818.5302,306.32,604.3,1687.24,6069.18,1493.16,1295.18
818.8745,299.9,599.04,1666.26,5973.14,1468.4,1274.06
819.2188,301.42,590.44,1637.76,5877.34,1446.74,1253.56
819.5631,296.3,582.6,1620.16,5811.52,1422.34,1236.46
819.9074,294.4,581.58,1614.16,5769.94,1420.06,1232.22
820.2517,299.88,585.82,1613.02,5766.94,1423.64,1232.66
820.596,299.38,588.5,1628.2,5804.06,1432.04,1241.18
820.9403,305.6,600.84,1651.94,5888.44,1455.32,1261.98
821.2846,312.08,611.1,1689.28,6017.52,1489.08,1290.4
821.6289,320.88,631.68,1723.94,6161.94,1524.04,1322.92
821.9732,329.68,646.26,1762.1,6287.44,1560,1348.56
822.3175,334.32,656.16,1800.2,6392.96,1589.32,1375.4
822.6618,340.6,669.24,1825.76,6479,1608.92,1397.64
823.0061,345.3,677.32,1843.22,6541.56,1624.42,1405.64
823.3504,345.12,682.16,1853.3,6567.34,1633.86,1414.7
823.6947,347.84,680.98,1844.06,6533.96,1627.82,1410.6
824.039,343.86,673.74,1828.62,6464.48,1612.54,1395.78
824.3833,339.6,666.9,1798.2,6361.28,1587.48,1371.5
824.7276,332.08,653.24,1759.62,6230.44,1557.3,1345.36
825.0719,328.74,642.32,1729.74,6108.82,1525.48,1318.78
825.4162,325.98,633.86,1705.46,6020.06,1503.98,1303.26
825.7605,321.38,624.68,1683.34,5936.92,1485.04,1289.88
826.1048,319.66,628.32,1678.74,5916.54,1482.78,1285.8
826.4491,323.68,631.34,1684.64,5945.82,1491.94,1293.48
826.7934,332.44,639.4,1709.16,6022.06,1515.92,1309.24
827.1377,336,654.78,1747.54,6141.18,1546.58,1335.4
827.482,343.92,670.48,1782.88,6274.3,1581.66,1368.08
827.8263,353.08,689.66,1834.8,6420.2,1619.72,1403.16
828.1706,358.52,706.24,1868.58,6543.8,1654.48,1429.2
828.5149,365.94,715.88,1899.72,6646.76,1682.54,1455.72
828.8592,370.2,725.06,1924.18,6716.02,1697.2,1471.28
829.2035,372.76,730.22,1929.34,6725.3,1703.16,1477.4
829.5478,372.98,728.16,1925.58,6715.42,1698.88,1470.32
829.8921,367.4,725.16,1913.66,6665.2,1692.52,1462.92
830.2364,366.18,717.24,1885.6,6582.96,1668.08,1447.92
830.5807,360.3,705.94,1860.54,6472.74,1641.48,1426.24
830.925,355.78,699.42,1827.4,6364.58,1615.82,1404.96
831.2693,349.02,683.9,1788.24,6242.64,1587.38,1373.96
831.6136,347.26,676.68,1769.54,6132.32,1562.98,1350.46
831.9579,341.88,668.36,1748.32,6053.46,1543.06,1334.4
832.3022,340.06,666.08,1736.54,6016.68,1535.46,1324.06
832.6465,344.88,675.22,1738.76,6044.6,1541.18,1333.04
832.9908,347.6,677.54,1765.52,6099.8,1558.3,1347.58
833.3351,356.46,690.14,1784.38,6179.42,1580.6,1367.32
833.6794,358.48,703.18,1809.2,6250.68,1605.78,1387.14
834.0237,363.9,708.12,1833.8,6328.32,1626.06,1401.92
834.368,370.02,721.06,1862.64,6413.28,1649.7,1423.66
834.7123,375.44,728.12,1879.94,6469.64,1668.3,1436.08
835.0566,379.88,736.92,1893.06,6518.86,1679.86,1448.82
835.4009,377.58,741.78,1900.14,6543.38,1684.88,1458.9
835.7452,380.78,741.36,1908.84,6540,1686.82,1460.78
836.0895,382.66,740.2,1899.34,6515.64,1681.2,1454.94
836.4338,380.42,738.16,1887.52,6470.24,1670.78,1446.04
836.7781,377.22,729.58,1869.68,6396.08,1659.28,1431.14
837.1224,373.16,720.66,1844.7,6300.72,1630.76,1410.4
837.4667,366.44,710.2,1816.12,6191.38,1607.9,1393.36
837.811,362.08,697.86,1782.06,6070.68,1579.26,1363.64
838.1553,356.5,689.86,1752.02,5951.44,1551.5,1338.52
838.4996,353.84,678.88,1724.96,5868.98,1528.98,1327.2
838.8439,352.06,675.56,1711.6,5816.98,1519.98,1307.1
839.1882,354.4,677.34,1710.24,5796.82,1514.12,1305.76
839.5325,352.52,682.02,1718.34,5818.56,1522.04,1318.32
839.8768,359.74,691.16,1737.68,5883.92,1545.3,1332.8
840.2211,366.32,700.7,1764.78,5971.52,1566.04,1355.12
840.5654,372.4,713.9,1797.04,6067.98,1595.38,1380.5
840.9097,375.98,728.26,1820.08,6155.94,1619.36,1404.2
841.254,385.5,737.6,1845.56,6229.6,1638.38,1417.86
841.5983,388.4,744.32,1860.36,6261.92,1658.24,1427
841.9426,391,748.32,1869.04,6285.24,1661.32,1435.42
842.2869,391.12,750.36,1868.94,6274.84,1658.38,1433.52
842.6312,389.7,746.14,1859.96,6218,1647.2,1426.54
842.9755,388.72,742.24,1841.7,6165.46,1638.78,1411.04
843.3198,382.76,733.38,1823.76,6090.4,1618.6,1399.04
843.6641,380.02,722.12,1794.1,6000.24,1597.24,1380.88
844.0084,372.74,713.06,1765.72,5883.6,1568.4,1357.84
844.3527,368.56,698.38,1730.96,5780.76,1541.58,1334.52
844.697,362.02,691.16,1707.24,5683.32,1517.22,1309.74
845.0413,357.32,678.2,1686.08,5602.36,1498,1295.8
845.3856,357.58,679.24,1673.46,5552.2,1490.72,1287.18
845.7299,357.26,678.68,1672.24,5559.08,1490.84,1290.36
846.0742,359.18,684.66,1684.84,5597.24,1505.22,1297.92
846.4185,369.12,697.34,1712.42,5672.16,1525.96,1317.56
846.7628,374.82,707.54,1745,5769,1551.62,1341.84
847.1071,386.18,728.46,1786.46,5903.14,1591.04,1376.5
847.4514,394.42,747.12,1827.76,6038.08,1632.56,1407.06
847.7957,399.74,762.88,1863.32,6136.08,1658.66,1435.14
848.14,403.04,768.76,1883.38,6198.58,1676.26,1454.06
848.4843,408.22,773.34,1887.54,6204.78,1684.56,1460.3
848.8286,410,766.06,1875.62,6174.84,1671.82,1447.8
849.1729,402.9,759.02,1861.8,6100.5,1656.18,1425.24
849.5172,396.26,750.56,1836.2,6011.04,1633.2,1412.48
849.8615,391.58,739.52,1804.14,5917.2,1611.38,1391.42
850.2058,387,732.4,1774.76,5804.64,1582.06,1370.92
850.5501,379.94,717.3,1741.34,5691.16,1552.3,1342.1
850.8944,372.98,707.48,1718.78,5586.32,1526.62,1321.54
851.2387,368.72,697.56,1690.96,5513.6,1506.88,1305.4
851.583,364.88,696.54,1683.06,5478.44,1502.6,1298.56
851.9273,369.54,700.74,1686.78,5481.56,1503.76,1298.72
852.2716,372.92,702.24,1704.9,5520.26,1521.74,1310.86
852.6159,379.78,713.98,1728.64,5601.86,1539.84,1330.08
852.9602,385.46,727.2,1759.08,5694.44,1567.78,1353.44
853.3045,394.28,742.3,1795.3,5787.86,1591.34,1381
853.6488,401.46,758.96,1823.62,5891.12,1625.2,1407
853.9931,410.68,773.38,1863.12,5984.58,1656.6,1428.66
854.3374,415.14,782.02,1884.36,6069.68,1676.04,1454.46
854.6817,417.12,787.2,1901.88,6134.22,1696.26,1463.42
855.026,420.6,794.66,1911.5,6148.44,1698.94,1467.32
855.3703,417.96,789.94,1898.72,6145.64,1695.02,1466.72
855.7146,416.46,783.42,1885.62,6071.72,1673.1,1448.72
856.0589,405.22,772,1856.38,5989.3,1651.98,1424.28
856.4032,403.34,759.62,1834.02,5899.16,1634.9,1410
856.7475,395.12,750.86,1805.12,5811.48,1601.44,1389.6
857.0918,390.22,743.1,1777.64,5732.78,1584.34,1368.8
857.4361,386.02,732.28,1765.38,5680.32,1562.94,1351.96
857.7804,383.5,728.22,1748.02,5634.54,1554.14,1343.5
858.1247,384.06,723.96,1738.06,5611.02,1546.96,1334.1
858.469,382.54,730.48,1737.58,5610.9,1544.44,1338.7
858.8133,387.6,731.5,1747.42,5638.94,1555.4,1343.78
859.1576,386.94,738.48,1758.82,5675.04,1567.16,1352.44
859.5019,391.8,744.86,1779.5,5725.28,1576.96,1359.7
859.8462,398.42,758.98,1797.86,5807.94,1599.56,1382.16
860.1905,407.64,768.72,1835.56,5899.58,1629.22,1407.56
860.5348,413.88,780.9,1864.02,5996.44,1651.66,1425.76
860.8791,417.16,793.32,1896.36,6085.6,1677.1,1454.62
861.2234,423.8,801.7,1914.56,6159.82,1699.82,1467.32
861.5677,426.14,808.68,1925.18,6190.94,1710.76,1475.78
861.912,424.16,806.96,1923.98,6178.46,1704.48,1480.66
862.2563,422.34,800.68,1905.3,6115.84,1695.76,1462.24
862.6006,415.42,795.16,1878.26,6037.64,1669.42,1444.64
862.9449,411.92,777.92,1850.46,5938.8,1644.32,1422.88
863.2892,404.44,768.9,1825.6,5837.5,1617.16,1396.02
863.6335,397.38,756.18,1790.42,5738.98,1591.48,1374.04
863.9778,393,748.72,1768.12,5649.8,1568.66,1354.98
864.3221,387.2,739.06,1741.42,5577.1,1548.22,1343.56
864.6664,386.74,731.82,1731.26,5537.24,1540.28,1330.62
865.0107,385.7,732.4,1727.68,5504.62,1534.06,1331.32
865.355,386.5,731.8,1724.38,5497.04,1533.56,1323.88
865.6993,387.96,734.62,1732.3,5496.7,1539.54,1325.88
866.0436,389.72,740.36,1737.52,5535.32,1544.76,1333.56
866.3879,393.24,745.46,1753.7,5568.94,1559.18,1348.02
866.7322,399.02,753.48,1776.46,5632.9,1582.42,1363.74
867.0765,403.7,764.98,1797.32,5720.5,1601.08,1383.5
867.4208,408.16,778.98,1830.62,5798.24,1626.16,1400.94
867.7651,414.56,788.46,1848.48,5847.54,1642.02,1415.34
868.1094,416.86,794,1860.98,5875.56,1650.88,1426.08
868.4537,418.46,794.12,1862.02,5884.08,1652.76,1435.56
868.798,422.48,797.84,1864.3,5875.42,1654.34,1431.4
869.1423,420.24,791.1,1851.16,5823.12,1645.26,1418.72
869.4866,412.22,779.68,1822.42,5743.64,1620.26,1395.46
869.8309,406.4,763.2,1792.68,5622.46,1584.38,1374.64
870.1752,398.98,750.94,1760.9,5504.86,1558.1,1347.84
870.5195,390.2,738.64,1724.8,5408.26,1528.3,1321.1
870.8638,382.06,725.2,1691.7,5307.42,1505.3,1297.94
871.2081,380.5,715.56,1670.98,5226.9,1482.08,1280.66
871.5524,375.44,708.76,1658.26,5178.76,1474.48,1273.68
871.8967,372.22,707.8,1648.1,5140.66,1462.82,1266.78
872.241,376,705,1646.9,5130.52,1463.18,1266.66
872.5853,378.04,714.58,1661.28,5154.66,1474.72,1273.92
872.9296,380.78,719.08,1670.94,5207.28,1492.34,1288.14
873.2739,385.12,727.68,1694.08,5248.88,1505.98,1303.92
873.6182,391.16,738.52,1715.92,5297.32,1520.12,1313.4
873.9625,394.18,743.86,1725.7,5336.52,1537.6,1324.2
874.3068,396.94,748.76,1746.92,5370.82,1553.56,1337.26
874.6511,406.08,755.88,1752.68,5390.16,1559.58,1347.88
874.9954,408.44,757,1760.06,5397.38,1564.92,1349.92
875.3397,403.88,755.28,1762.12,5367.44,1561.48,1350.52
875.684,404.12,755.9,1741.32,5329.84,1552.4,1337.74
876.0283,400.38,749,1735.72,5263.84,1535.16,1330.14
876.3726,391.98,733.94,1700.98,5169.9,1515.72,1310.32
876.7169,386.46,720.46,1675.74,5082.5,1488.78,1284.72
877.0612,380.08,710.6,1642.26,4996,1470.28,1267.68
877.4055,374.34,704.28,1620.86,4911.18,1447.82,1247.42
877.7498,369.3,689.78,1600.22,4822.88,1427.42,1232.78
878.0941,368.1,686.48,1580.44,4757.88,1407.18,1216.58
878.4384,357.72,674,1560.62,4715.42,1389.28,1205.92
878.7827,362.38,674.54,1555.56,4684.06,1390.24,1200.38
879.127,359.86,674.18,1557.42,4685.36,1384.58,1193.52
879.4713,361.16,673.12,1563.58,4699.26,1388.42,1203.22
879.8156,367.82,683.36,1577.84,4756.82,1407.78,1215.3
880.1599,370.7,693.5,1598.42,4815.84,1419.72,1226.52
880.5042,377.78,708.6,1627.4,4892.48,1448.96,1246.44
880.8485,384.3,716.38,1651.02,4975.66,1461.9,1266.68
881.1928,389.08,726,1674.78,5045.62,1488.74,1287.86
881.5371,391.76,734.58,1689.16,5101.9,1499.42,1299.24
881.8814,393.72,738.08,1695.78,5106.46,1503.7,1295.18
882.2257,389.94,730.28,1684.88,5070.94,1492.38,1292.66
882.57,383.62,720.92,1662.44,5010.08,1471.14,1270.96
882.9143,377.58,712.5,1633.8,4929.48,1449.6,1251.76
883.2586,367.68,696.7,1599.88,4827.2,1420.02,1223.72
883.6029,361.26,683.28,1569.98,4746.14,1396.4,1205.22
883.9472,354.58,674.16,1555.44,4683.32,1376.68,1186.7
884.2915,351.52,664.9,1531.54,4632.06,1359.1,1176.46
884.6358,349.88,660.92,1526.72,4601.7,1352.02,1165.46
884.9801,348.38,658.36,1511.36,4572.42,1343.88,1158.1
885.3244,348.88,655.02,1509.34,4548.66,1336.96,1153.66
885.6687,348.4,654.78,1503.96,4531.54,1334.22,1150.96
886.013,348.54,654.78,1506.22,4533.32,1334.46,1152.54
886.3573,351.68,657.94,1513.42,4538.42,1342.48,1155.66
886.7016,355.76,664.58,1527.48,4593.24,1355.58,1165.4
887.0459,358.1,674.4,1544.88,4613.52,1371.52,1177.38
887.3902,360.92,679.8,1559,4648.3,1380.12,1187.32
887.7345,365.56,682.74,1558.74,4670.66,1392.02,1194.3
888.0788,364.62,682.16,1564.68,4660.12,1386.8,1195.02
888.4231,363.22,679.12,1559.04,4625.28,1382.66,1194
888.7674,359.8,675.2,1546.58,4584.82,1374.36,1182.32
889.1117,356.36,669.92,1527.48,4524.26,1360.92,1173.1
889.456,348,659.86,1507.12,4449.86,1340,1156.24
889.8003,344.14,644.42,1475.74,4343.74,1317.06,1129.48
890.1446,335.6,628.6,1442.26,4248.9,1285.1,1109.22
890.4889,334.6,620.68,1418.6,4148.82,1262.78,1088.9
890.8332,322.74,608.3,1394.44,4063.44,1241.56,1067.18
891.1775,320.84,596.78,1367.86,3983.08,1219.82,1052.66
891.5218,319.14,594.14,1354.84,3928.3,1205.44,1039.64
891.8661,316.04,586.26,1337.42,3871.5,1195.54,1027.94
892.2104,316.28,582.84,1329.72,3837.04,1186.68,1026.62
892.5547,317.06,586.12,1333.86,3827.3,1192.72,1030.26
892.899,319.52,585.86,1338.38,3828.9,1198.32,1032.7
893.2433,322.02,587.56,1343.4,3810.78,1200.86,1034.1
893.5876,324.06,593.02,1344.42,3804.2,1203.52,1035.8
893.9319,322.18,589.84,1342.42,3788.72,1203,1038.32
894.2762,323.48,592.9,1343.94,3771.64,1205.08,1039.06
894.6205,322.24,587.8,1334.66,3733.22,1199.02,1034.76
894.9648,317.74,580.42,1317.96,3676.98,1186.24,1020.24
895.3091,312.66,571.04,1293,3589.5,1163.44,1002.72
895.6534,306.96,557.72,1266.68,3507.36,1143.74,983.3
895.9977,303.98,549.42,1241.14,3423.64,1121.4,967.82
896.342,299.92,538.4,1222.14,3350.52,1100.7,957.68
896.6863,294.22,529.16,1194.96,3262.8,1084.82,934.28
897.0306,288.48,515.16,1170.5,3183.08,1058.34,915.28
897.3749,285.34,510.68,1148.5,3109.84,1040.64,898.26
897.7192,281.54,501.72,1128.14,3042.06,1022.16,885.18
898.0635,280.28,493.12,1111.74,2982.16,1010.52,874.2
898.4078,277.06,489.48,1099.32,2921.06,1001.6,861.12
898.7521,278.6,484.34,1086.02,2870.74,990.86,852.44
899.0964,276.64,478,1072.88,2834.2,981.6,845.72
899.4407,276.98,477.3,1066.64,2793.68,970.96,842.1
899.785,276.16,474.02,1061.28,2761.32,969.34,840.72
900.1293,275.12,473,1054.9,2729.16,962.82,833.88
900.4736,274.94,470.1,1050.7,2696.26,959.48,832.5
900.8179,274.92,468.88,1040.66,2656.02,954.7,825.26
901.1622,274.7,464.58,1030.62,2624.38,951.16,819.04
901.5065,273.56,462.82,1022.6,2572.9,943.18,814.26
901.8508,271.94,455.46,1005.72,2518.12,930.88,803.54
902.1951,269.04,444.34,983.1,2446.04,906.94,789.18
902.5394,260.66,432.82,953.38,2351,881.44,764.14
902.8837,254.24,419.42,916.88,2254.3,852.58,737.68
903.228,248.28,404.54,885.58,2153.64,825.4,716.44
903.5723,240.48,389.66,851.02,2054.04,791.68,688.66
903.9166,236.44,377.88,819.98,1960.3,766.6,665.68
904.2609,230.18,367.08,789.92,1883.94,741.8,643.16
904.6052,228.74,356.12,768.74,1811.18,723.78,628.14
904.9495,227.96,351.14,751.14,1756.36,709.38,617.78
905.2938,223.54,343.42,734.1,1707.1,696.56,605.08
905.6381,222.48,340.96,723.62,1662.08,686.14,597.04
905.9824,220.66,337,715.3,1626.68,676.96,588.06
906.3267,224.68,336.1,706.8,1597.52,676.8,584.02
906.671,223.24,333.72,699.28,1570.76,672.14,585.14
907.0153,225.24,335.32,694.3,1551.94,666.2,580.12
907.3596,224.46,332,690.28,1530.02,663.36,575.52
907.7039,223.24,329.26,690.62,1518.64,660.24,574.22
908.0482,222.86,328.04,686.36,1510.28,657.34,567.06
908.3925,222.54,327.8,681.64,1503.1,651.54,566
908.7368,222.3,325.32,679.68,1499.82,646.12,562.2
909.0811,218.86,325.84,678.34,1510.46,643.9,561.82
909.4254,216.06,326.18,682.4,1533.3,645.06,559.4
909.7697,215.58,332.72,694.4,1575.42,653.48,566.64
910.114,216.08,333.88,712.04,1637.68,664.46,575.26
910.4583,216.2,341.22,729.34,1701.52,670.3,584.56
910.8026,217.86,351.2,751.58,1775.94,688.52,595.7
911.1469,221,359.36,778.5,1863.86,708.1,612.9
911.4912,225,373.92,808.26,1966.72,730.32,631.52
911.8355,230.58,388.28,844.54,2081.96,759.8,655.16
912.1798,235.48,403.14,881.04,2197.22,785.4,683.16
912.5241,239.82,418.56,918.08,2317.36,818.04,707.18
912.8684,246.8,431.12,952.9,2424.72,847,737.16
913.2127,252.96,445.94,983.7,2535.62,875.44,761.34
913.557,255.06,458.22,1013.46,2638.4,903.48,780.8
913.9013,260.54,472.02,1044.92,2728.68,930.18,804.02
914.2456,264.12,483.12,1076.2,2815.54,953.86,823.08
914.5899,268.24,490.18,1091.36,2872.6,970.52,837.2
914.9342,271.14,499.1,1106.54,2918.46,983.5,847.68
915.2785,267.46,497.1,1108.18,2943.06,984.18,852.18
915.6228,268.86,496.2,1110.54,2954.34,989.24,853
915.9671,267.6,494.18,1105.96,2941.2,985.06,849.86
916.3114,264.06,489.36,1093.4,2918.98,971.82,838.9
916.6557,257.48,484.02,1080.7,2885.36,960.56,827.32
917,253.66,475.96,1064.8,2852.22,944.82,814.18
917.3443,253.12,474.62,1057.6,2839.96,941.44,810.5
917.6886,250.84,467.9,1051.6,2828.78,934.3,800.98
918.0329,249.54,468.34,1045.54,2824.44,930.46,801.84
918.3772,250.72,469.56,1047.34,2835.5,930.4,797.74
918.7215,248.14,468.54,1047.3,2859.92,928.82,800.38
919.0658,247.88,474.88,1059.52,2899.76,935.6,807.84
919.4101,251.16,483.46,1074.26,2956.6,952.96,819.9
919.7544,255.68,492.46,1098.64,3032.1,971.32,835.2
920.0987,262.52,508.3,1130.48,3136.58,998.16,855.72
920.443,267.82,523.86,1163.4,3240.16,1028,884.34
920.7873,272.68,534.56,1194.58,3332.36,1050.64,903.1
921.1316,273.5,545.08,1213.6,3394.3,1063.68,916.02
921.4759,275.28,545.5,1215.82,3419.92,1065.28,916.1
921.8202,270.92,542.62,1210.88,3410.16,1059.22,911.02
922.1645,267.96,537.94,1201.5,3409.9,1053,901.36
922.5088,264.92,532.24,1189.68,3387.94,1039.98,893.12
922.8531,260.92,525.46,1171.54,3351,1018.96,877.04
923.1974,255.5,520,1158.56,3326.9,1009.82,869.1
923.5417,253.4,513.4,1151.28,3311.48,1006.18,863.46
923.886,250.58,512.22,1141.32,3296.68,996.62,850.48
924.2303,249.28,506.34,1135.42,3281.02,986.82,844.12
924.5746,250.5,505.56,1127.6,3271.98,984.74,841.58
924.9189,245.96,501.82,1119.58,3260.88,976.62,839.8
925.2632,245.02,502.36,1123.1,3271.36,977.96,836.72
925.6075,243.58,505.82,1126.32,3274.08,981.12,840.28
925.9518,246.94,510.16,1136.42,3315.36,991.26,843.76
926.2961,248.84,518.36,1152.4,3358.2,1002.34,861.04
926.6404,252.4,528,1171.88,3422.02,1020.44,869.7
926.9847,252.48,533.82,1183.8,3460.86,1029.6,881.54
927.329,256.84,534.38,1194.3,3484,1038.3,890.26
927.6733,252.78,536.12,1190.24,3485.52,1038.18,885.18
928.0176,250.5,532.46,1182.5,3454.44,1027.64,876.58
928.3619,246.42,524.76,1162.28,3415.14,1015.98,864.16
928.7062,245.62,518.68,1151.36,3368.6,1002.66,855.9
929.0505,240.38,509.34,1138.02,3330.76,986.5,842.18
929.3948,237.4,505.4,1129.2,3312.58,978.26,837.32
929.7391,236.16,502.06,1119.32,3300.1,974.4,831.92
930.0834,233.92,499.6,1115.36,3272.32,968.6,827.16
930.4277,229.14,496.1,1112.38,3268.58,967.22,825.54
930.772,232.58,497.5,1113.64,3270.52,962.98,824.34
931.1163,229.7,496.26,1107.1,3268.3,965.14,825.64
931.4606,228.58,496.76,1106.84,3260.9,961.16,819.52
931.8049,226.32,492.48,1102,3245.18,958.3,815.88
932.1492,224.76,494.48,1102.14,3243.92,952.76,813.98
932.4935,225.58,494.18,1097.48,3235.28,954.18,813.02
932.8378,226.16,493.56,1102.06,3248.84,959.22,814.1
933.1821,224.88,494.62,1105.66,3253.3,957.02,817.5
933.5264,225.74,496.36,1105.68,3266.48,961.42,819.06
933.8707,223.96,498.04,1108.24,3257.76,964.52,816.72
934.215,225.94,494.96,1104.98,3242.66,956.76,813.66
934.5593,219.96,491.02,1093.76,3217.64,947.38,803.3
934.9036,216.96,485.14,1077.72,3172.02,932.74,797.02
935.2479,214.34,481.38,1065.84,3134.94,923.82,784.98
935.5922,210.02,473.26,1053.18,3102.06,916.8,775.46
935.9365,208.94,473.88,1049.74,3077.28,908.34,768.54
936.2808,206.24,465.5,1035.38,3040.52,896.58,763.36
936.6251,204.32,458.28,1026.24,3007.2,885.76,751.18
936.9694,201.48,454.92,1006.8,2973.74,875.58,745.08
937.3137,198.1,449.34,1000.4,2939.16,867.94,732.9
937.658,194.24,446.04,982.28,2894.6,851.54,721
938.0023,191.54,434.8,970.7,2859.92,838.92,711.94
938.3466,189.08,431.72,964.48,2835.36,831.92,704.72
938.6909,188.66,429.98,957.6,2825.88,830.78,704.28
939.0352,189.6,430.68,958.34,2821.66,827.88,699.4
939.3795,187.74,430.22,957.76,2814.1,829.04,699.2
939.7238,186.58,432.58,957.62,2820.02,824.1,701.34
940.0681,187.4,431.34,962.96,2827.52,830.06,703.94
940.4124,187.9,436.36,969.96,2836.86,834.8,705.02
940.7567,188.76,437.42,971.78,2853.12,836.8,706.7
941.101,190.52,441.66,975.58,2871.3,838.28,710.82
941.4453,189.82,441.7,978.72,2872.86,844.48,713.16
941.7896,189.14,439.22,976.78,2868.08,841.22,708.62
942.1339,185.78,435.6,969.8,2839.36,831.76,699.14
942.4782,185.26,432.58,960.18,2819.58,824.86,696.14
942.8225,179.68,423.04,942.44,2766.44,811.74,682.64
943.1668,175.56,412.96,924.44,2707.22,797.02,667.66
943.5111,171.76,404.36,895.34,2645.42,773.24,650.74
943.8554,164.4,392.04,870.4,2567.4,748.54,633.82
944.1997,159.96,382.5,853.16,2514.52,733.7,618.02
944.544,156.08,374.98,832.78,2466.12,719.48,602.98
944.8883,153.5,370.02,825.24,2424.6,708.78,597.6
945.2326,150.54,365.78,813.94,2396.16,698.62,590.26
945.5769,151.04,362.74,808.96,2380.58,697.04,585.74
945.9212,145.86,360.46,799.42,2370.98,690.62,578.5
946.2655,148.42,359.78,800.64,2358.34,687.62,579.44
946.6098,146.5,355.64,794.68,2343.68,684.56,576.98
946.9541,146.32,352.36,787.84,2334.18,682.38,572.5
947.2984,146.2,353.9,787.5,2325.3,677.32,568.42
947.6427,143.16,354.36,787.68,2328.06,680.48,571
947.987,144.14,357.9,798.94,2354.3,688.3,578.46
948.3313,145.34,363.7,810.58,2392.02,698.86,585.3
948.6756,148.3,371.6,823.28,2435.28,710,593.5
949.0199,150.82,373.08,833.8,2456.46,715.38,600.46
949.3642,147.82,375.08,833.36,2466.08,720.4,604.48
949.7085,148.46,376.3,834.1,2471.42,719.78,606.2
950.0528,146.22,374.3,833.98,2463.68,717.56,602.44
950.3971,144.86,371.96,824.32,2442.1,711.6,599.68
950.7414,143.88,367.48,821.02,2423.1,709.12,592.14
951.0857,139.38,363.24,812.02,2410.7,701.76,589.44
951.43,136.44,357.42,798.08,2361.9,689.84,575.72
951.7743,134.32,347,780.78,2310.1,673.3,562.76
952.1186,130.4,338.82,764.6,2248.9,656.28,550.92
952.4629,124.74,329.54,739.92,2194.02,639.04,532.62
952.8072,122.84,321.82,726.46,2148.14,623.24,525.42
953.1515,120.2,316.62,714.9,2108.06,613.32,515.1
953.4958,117.36,311.3,702.18,2081.16,605.28,506.44
953.8401,117.78,308.16,694.92,2057.2,598.58,502.86
954.1844,114.86,303.8,691.14,2047.44,595.52,501.24
954.5287,114,306.46,690.74,2039.9,594.2,499.72
954.873,113.92,306.76,689.5,2037.58,593.66,493.6
955.2173,112.92,303.48,689.06,2033.48,594.22,493.84
955.5616,110.44,303.78,689.16,2041.58,594.14,495.52
955.9059,111.88,306.14,688.78,2042.54,592.58,492.86
956.2502,112.54,306.18,693.6,2052.08,599.34,497.9
956.5945,111.64,307.82,694.58,2061.68,596.56,498.64
956.9388,110.02,306.62,696.82,2059.38,599.74,500.88
957.2831,109.48,305.36,693.62,2048.04,595.9,495.36
957.6274,109.48,305.68,688.8,2046.5,594.68,498.64
957.9717,109.44,304.48,690.72,2042.96,594.3,493.68
958.316,109.5,306.16,696.1,2048.04,595.56,500.1
958.6603,107.92,303.96,690.78,2046.5,592.44,496.58
959.0046,106.04,302.86,687.8,2032,594.04,495.68
959.3489,107.04,300.92,682.58,2013.6,586.74,486.82
959.6932,103.78,294.78,673.44,1993.3,579.66,483.04
960.0375,102.42,292.94,662.12,1954.62,569.4,476.38
960.3818,99.64,285.04,650.22,1922.1,558.88,466.7
960.7261,101.6,282.54,641.28,1888.7,548.96,458.82
961.0704,97.04,277.44,627.28,1852.92,539.44,448.52
961.4147,97.3,272.38,616.96,1818.52,532.54,442.32
961.759,92.74,266.54,608.2,1799.48,523.3,439.84
962.1033,96.52,267.18,605.88,1792.94,524.72,437.3
962.4476,95.9,267.82,607.14,1793.34,523.7,439.48
962.7919,94.16,267.84,609.36,1793.66,524.42,437.46
963.1362,95.22,268.86,609.7,1801.68,524.34,441.68
963.4805,94.92,270.08,615.2,1810.7,530.52,443.9
963.8248,95.72,270.46,618.24,1816.12,529.16,443.82
964.1691,94.06,274.66,623.34,1830.54,534.2,447.06
964.5134,97.58,276.1,629.48,1847.58,543.1,451.46
964.8577,98.38,281.58,636.6,1873.68,547.68,458.1
965.202,100.3,282.98,644.58,1892.9,556.28,460.6
965.5463,100.48,286.16,651.48,1914.8,563.4,468.8
965.8906,99.56,286.26,654.64,1912.5,562.96,468.92
966.2349,99.4,285.8,647.74,1899.78,557.12,465.78
966.5792,97.46,281.34,637.74,1864.24,547.72,455.04
966.9235,95.72,274.74,622.36,1834.22,537.4,447.4
967.2678,95.9,268.94,612.64,1797.54,526.82,439.62
967.6121,92.76,264.08,599.78,1754.8,517.94,428.14
967.9564,91.92,260.72,589.26,1722.74,505.12,420.82
968.3007,90.5,253.36,576.78,1685.58,494.42,413.24
968.645,86.9,248.04,561.74,1653.38,484.2,404.72
968.9893,86.34,245.8,552.52,1618.2,479.2,398.1
969.3336,85.1,240.1,542.56,1593.14,467.76,389.22
969.6779,84.08,236.8,533.8,1569.68,460.84,387.56
970.0222,82.78,235,531.48,1554.98,458.2,382.58
970.3665,82.52,233.74,529.02,1555.34,458.34,378.42
970.7108,84.9,236.9,533.24,1559.38,460.12,384.02
971.0551,83.92,238.72,539.42,1581.28,464.44,388.3
971.3994,84.96,243.8,546.68,1601.6,471.78,394.48
971.7437,86.28,246.1,554.12,1622.1,480.14,396.82
972.088,87.12,247.7,561.96,1639.5,485.36,405.66
972.4323,86.54,252.62,563.62,1647.22,487.44,405.9
972.7766,86.92,249.88,564.96,1643.38,486.08,403.92
973.1209,87.62,248.46,561.26,1638.82,486.52,403.84
973.4652,86.54,250.48,559.8,1630.54,482.04,402.7
973.8095,87.58,248.38,558.82,1624.36,481.9,403.22
974.1538,87.3,247.32,556.24,1615.88,481.6,400.12
974.4981,84.98,247.58,555.6,1610.3,478,401.22
974.8424,86.46,245.4,549.18,1597.6,477.18,397.12
975.1867,83.58,238.5,540.26,1571,467.16,387.72
975.531,83.76,236.8,532.62,1539.98,461.36,384.6
975.8753,81.8,230.84,522.12,1509.06,450.56,377.58
976.2196,81.5,225.7,514.78,1488.98,442.56,372.38
976.5639,80.48,225.46,507.72,1456.98,436.34,364.78
976.9082,77.94,219.42,495.8,1439.48,428.92,359.9
977.2525,78.54,219.06,487.92,1418.28,424.2,354.26
977.5968,76.36,215.62,483.72,1401.98,418.62,349.4
977.9411,75.86,217.32,482.88,1401.86,418.58,352.96
978.2854,77.16,215.38,481.56,1397.66,417.1,350.36
978.6297,75.96,214.82,481.64,1391.32,416.02,347.66
978.974,76.24,214.44,479.8,1382.22,411.9,347.24
979.3183,75.52,211.66,474.22,1374.58,410.78,342.38
979.6626,74.68,214,476.18,1371.16,413.76,346.08
980.0069,76,214.16,477.5,1369.96,415.92,346.94
980.3512,78.46,215.7,477.62,1377.7,411.76,347.98
980.6955,76.16,214.28,475.58,1364.88,412.16,345.8
981.0398,74.44,211.42,470.4,1356.54,407.34,343.36
981.3841,75.48,208.06,465.34,1331.74,403.74,338.9
981.7284,73.64,205.9,454.64,1309.88,395.04,332.18
982.0727,71.86,202.86,447.42,1285.58,391.98,326.12
982.417,71.34,198.68,440.96,1264.3,379.96,321.26
982.7613,70.6,196.2,434.56,1238.08,375.72,316.5
983.1056,68.44,191.06,425.38,1216.96,370.58,310.66
983.4499,67.78,190.22,419.82,1197,364.44,306.28
983.7942,67.64,187.92,413.32,1182.1,362.64,305.12
984.1385,66.38,184.06,411.64,1167.3,360.02,300.64
984.4828,64.8,183.48,408.66,1157.88,354.32,298.14
984.8271,66.12,183.96,404.9,1159,353.48,297.28
985.1714,65.92,183.44,405.58,1153.84,353.9,297.28
985.5157,68.92,186.98,412.56,1167.78,360.4,301.14
985.86,66.86,188.36,415.54,1179.42,362.46,304.1
986.2043,70.12,191.9,420.62,1193.12,368.38,310.72
986.5486,68.24,192.42,425.76,1203.22,368.22,311.84
986.8929,69.58,193.72,425.62,1208.12,375.06,314.74
987.2372,69.36,193.92,427.3,1205.72,373.66,313.18
987.5815,70.42,193.4,427.96,1199.92,372.18,311.84
987.9258,69.4,191.64,420.86,1183.18,370.56,308.48
988.2701,68.58,188.36,418.7,1165.92,360.2,306.08
988.6144,70.2,188.08,410.54,1152.02,360.4,303.16
988.9587,69.28,185.72,407.32,1136.84,357.6,300.7
989.303,67.78,185.54,403.28,1125.36,354.02,299.56
989.6473,67.04,183.04,400.3,1114.04,351.72,295.48
989.9916,66.96,181.04,394.72,1093.38,347.26,290.78
990.3359,65.04,176.28,385.16,1069.3,337.46,286
990.6802,62.96,172.16,378.04,1038.8,330.06,277.96
991.0245,62,167.32,364.08,1008.26,320.64,269.54
991.3688,61.9,163.16,358.88,983.7,315.1,266.9
991.7131,60.54,160.24,349.16,963.86,307.26,261.28
992.0574,59.92,158.86,346.36,948.02,305.4,258.1
992.4017,59.86,159.84,347.2,946.42,303.72,258.34
992.746,57.8,155.16,342.38,938.42,298.36,252.88
993.0903,58.12,155.64,338.18,924.66,297.92,251.66
993.4346,57.96,152.62,336.34,915.98,294.08,249.68
993.7789,57.24,153.78,330.38,903.54,292.06,247.92
994.1232,56.6,149.1,322.18,886.34,285.32,240.84
994.4675,54.84,144.92,317.58,864.9,279.42,236.24
994.8118,58.54,142.12,311.08,843.24,272.58,231.72
995.1561,53.54,142.06,304.64,830.62,269.44,227.46
995.5004,53.68,141,302.24,825.3,268.94,227.4
995.8447,54.22,140.28,303.1,824,266.66,226.3
996.189,54.04,139.42,305.42,825.58,268.7,227.78
996.5333,55.32,141.04,305.56,833.06,271.58,228.56
996.8776,56.06,143.92,309,840.26,276.1,233.44
997.2219,56.26,146.44,315.46,848.44,279.42,238.52
997.5662,57.6,148.62,320.56,869.24,284.6,239.88
997.9105,59.06,151.08,327.5,883.26,287.2,246.14
998.2548,57.96,152.88,333.74,897.3,292,248.88
998.5991,59.86,155.14,333.4,905.42,297.9,250.54
998.9434,58.72,155.92,335.8,903.04,297.54,252.38
999.2877,60.72,154.7,337.08,897.1,295.94,251.56
999.632,59.46,153.54,328.88,883.58,290.78,245.98
999.9763,58.42,151.4,324.36,865,287.02,242.54
1000.3206,58.58,147.92,317.14,842.24,279.06,236.32
1000.6649,54.06,140.86,302.92,813.58,271.4,228.18
1001.0092,53.38,136.72,294.52,781.74,262.28,221.44
1001.3535,52.06,133.96,287,762.96,254.18,216.38
1001.6978,51.78,130.12,280.98,745.12,248.56,211.04
1002.0421,50.04,127.08,271.74,728.04,244.52,208.16
1002.3864,49.56,126.64,270,714.76,241.2,206.46
1002.7307,49.06,125,264.06,700.08,235.92,201.8
1003.075,48.16,121.04,259.6,685.06,233.3,197.06
1003.4193,48.66,120.62,255.52,672.08,229.16,193.14
1003.7636,48.92,118.18,251.98,662.32,223.5,191.8
1004.1079,47.84,117.52,251.04,654.38,224.06,189.92
1004.4522,47.82,119.76,251.4,658.1,226.24,192.9
1004.7965,49.8,119.2,253.02,658.72,225.18,193.48
1005.1408,47.14,117.62,252.64,661.8,225.7,192.98
1005.4851,47.64,119.46,253.32,658.42,224.08,192.9
1005.8294,49.24,120.9,254.6,662.94,227.56,195.82
1006.1737,49.02,120.48,252.02,656.6,226.68,193.1
1006.518,48.38,117.3,248.66,648.48,222.24,191.46
1006.8623,47.68,117.14,246.96,639.26,221.82,190.52
1007.2066,47,115.28,244.08,631.42,218.9,187.96
1007.5509,45.74,114.12,240.06,623.22,215.46,184.72
1007.8952,45.54,113.46,237.96,618,213.3,182.9
1008.2395,44.94,112.24,236.38,609.38,211.7,180.82
1008.5838,44.2,108.44,229.98,598.98,207.92,176.62
1008.9281,44.2,108.68,228.46,585.48,205.2,176.02
1009.2724,43.52,106.5,225.26,579.86,202.76,174.18
1009.6167,43.74,106.62,226.74,576.98,203.16,173.8
1009.961,44.98,106.42,222.26,568.98,202.34,171.84
1010.3053,44.26,106.34,222.02,564.9,199,172.5
1010.6496,44.4,105.28,221.54,560.24,197.92,169.9
1010.9939,44.86,104.02,217.74,555.58,199.06,171.16
1011.3382,43.14,102.84,218.5,549.56,194.36,169.38
1011.6825,44.46,103.78,213.78,545.5,194.56,167.8
1012.0268,43.48,103.7,213.14,534.52,194.08,166.14
1012.3711,43.1,102,211.28,528.08,190.58,163.76
1012.7154,41.22,98.14,205.5,515.74,184.72,159.52
1013.0597,41.74,97.5,201.62,499,182.78,157.98
1013.404,40.22,94.02,197.46,488.88,178.58,153.52
1013.7483,40.18,94.22,194.76,476.38,174.08,152.48
1014.0926,41.02,91.62,190.98,467.6,172.5,150.6
1014.4369,39.16,89.68,185.48,458.96,169.54,146.42
1014.7812,39.5,89.56,183.68,453.94,167.32,145.02
1015.1255,38.04,88.42,180.1,444.8,164.56,142.52
1015.4698,39.56,85.02,178.82,437.88,163.1,141.92
1015.8141,37.08,86,177.98,431.38,162.3,140.26
1016.1584,37.8,86.02,176,427.7,160.72,138.78
1016.5027,38.04,83.92,174.26,421.1,158.82,138.58
1016.847,37.98,84.28,173.02,417.68,159.6,137.92
1017.1913,38.88,85.14,175.32,415.94,158.74,139.36
1017.5356,39.9,84.46,168.76,413.94,157.06,137.56
1017.8799,38.1,84.24,172.38,410.1,157.72,136.84
1018.2242,38.04,83.78,170.2,407,156.24,135.66
1018.5685,37.26,82.28,165.98,399.56,153.22,133.3
1018.9128,37,80,163.44,390.6,149.96,131.12
1019.2571,36.08,78.02,159.04,376.44,145.94,127.14
1019.6014,35.78,77.32,154.7,367.52,141.62,124.7
1019.9457,34.94,72.72,150.6,355.16,137.42,120.78
1020.29,32.92,71.94,144.76,343.16,133.62,118.92
1020.6343,31.7,70.58,142.08,341.26,129.84,116.54
1020.9786,32.62,70.36,140.26,335.26,130.78,113.78
1021.3229,31.58,69.76,138.38,330.94,128.76,113.28
1021.6672,33.52,69.38,137.42,328.56,127.04,112.48
1022.0115,31.18,68.52,137.78,329.04,126,111.76
1022.3558,32.68,70.72,139.06,330.56,127.9,112.68
1022.7001,33.98,70.72,139.5,337.16,129.44,114.32
1023.0444,34.86,70.62,142.22,343.6,132.16,115.34
1023.3887,32.66,71.54,146.18,348.92,132.26,115.84
1023.733,35.32,74.36,148,354.8,136.06,118.58
1024.0773,34.74,73.9,149.22,358.14,137.9,118.4
1024.4216,33.94,74.3,149.54,360,136.72,119.26
1024.7659,34.48,76.02,151.6,362.38,139.98,120.96
1025.1102,33.92,74.86,149.46,358.68,136.96,119.9
1025.4545,33.88,75.06,148.32,357.28,135.72,119.9
1025.7988,34.04,75,147.4,354.8,134.16,119.7
1026.1431,32.1,71.26,144.56,351,132.1,116.72
1026.4874,32.62,70,142.24,347.34,129.72,117.08
1026.8317,32.76,70.9,141.12,344.66,132.06,112.98
1027.176,32.58,70.3,140.9,339.94,127.62,113.14
1027.5203,32.6,69.46,139.68,335.8,125.96,111.02
1027.8646,31.64,70.16,139.5,338.28,126.82,112.46
1028.2089,31.18,68.5,138.56,335.12,125.7,110.14
1028.5532,30.68,68.18,135.14,330.08,125.2,108.92
1028.8975,30.36,68.06,134.98,327.64,123.4,109.76
1029.2418,30.16,67.04,135.72,329.64,123.04,108.06
1029.5861,30.18,67.3,134.72,327.32,121.48,107.4
1029.9304,32.14,66.82,133.44,327.88,122.18,107.76
1030.2747,30.96,69.26,134.42,331.38,121.54,108.2
1030.619,32.62,67.02,135.52,330.66,121.7,108.82
1030.9633,31.14,68.4,134.46,331.26,121.58,106.6
1031.3076,31.24,67.3,134.64,331.3,121.5,107.98
1031.6519,30.1,65.82,134.58,332.12,120.56,105.22
1031.9962,30,65.16,132.48,328.38,120.88,107
1032.3405,30.98,66.02,133.74,327.54,119.08,106.72
1032.6848,28.62,64.82,128.28,323.4,118.18,104
1033.0291,29.06,64.82,127.98,320.64,115.78,102.08
1033.3734,29.22,66.06,126.5,319.16,115.8,102.68
1033.7177,29.54,63.32,128.04,318.38,116.4,101.92
1034.062,29.66,64.34,126.72,315.84,114.64,102.04
1034.4063,27.5,63.22,124.68,314.9,112.1,100.88
1034.7506,29.12,63.7,126.5,312.96,112.98,101.98
1035.0949,29.3,62.44,124.88,316,113.04,101.32
1035.4392,27.5,62.2,123.2,312.94,110.94,98.38
1035.7835,28.7,62.78,123.92,314.44,112.28,100.3
1036.1278,28.2,65.42,125.6,318.14,112.9,101
1036.4721,28.82,62.8,126.96,322.4,113.58,102.34
1036.8164,28.92,64.08,127.64,325.92,115.36,102.54
1037.1607,28.7,65.08,129.26,328.24,114.68,102.92
1037.505,29.38,64.76,128.16,326.74,115.64,102.18
1037.8493,30.48,65.1,127.58,324.92,115.78,103.68
1038.1936,29.86,64.06,124.34,320.34,113.28,99.84
1038.5379,27.96,63.52,124.52,315.28,111.88,97.38
1038.8822,28.44,63.46,124.24,317.26,112.02,98.94
1039.2265,28.48,62.74,122.18,313.9,110.96,97.92
1039.5708,27.44,61.52,121.54,307.58,108.44,96.8
1039.9151,27.82,61.74,120.38,303.84,107,95.12
1040.2594,27.68,59.06,117.42,297.74,106.34,93.7
1040.6037,26.6,58.12,115.1,293.32,104.28,92.62
1040.948,27.46,59.92,115.48,294.64,105.64,95
1041.2923,27.3,56.7,113.88,287.88,103.12,92.12
1041.6366,27.18,57.68,113.72,286.12,102.42,90.66
1041.9809,26.78,57.66,111.82,284.28,99.04,90.16
1042.3252,26.96,56.2,109.82,278.58,98.64,89.9
1042.6695,26.9,56.4,108.7,274.6,97.74,88.4
1043.0138,25.5,54.96,106.92,272.22,96.78,87.1
1043.3581,26.3,55.6,106.28,270.72,95.96,86.94
1043.7024,25.7,55,107.34,270.72,97.68,86.38
1044.0467,25.38,55.18,105.38,266.8,96.08,86.24
1044.391,24.8,54.94,104.48,266.46,94.46,87.84
1044.7353,24.48,53.38,104.52,262.04,92.74,84.52
1045.0796,25.4,53.34,102.84,259.98,93.32,83.84
1045.4239,24.94,52.42,101.42,259.28,91.5,83.26
1045.7682,24.66,51.2,100.26,255.28,91.48,82.74
1046.1125,23.84,50.88,97.8,251.08,88.76,80.96
1046.4568,22.08,49.1,97.22,246.82,88.28,79.98
1046.8011,21.6,48.76,93.22,237.64,85.16,75.7
1047.1454,22.34,47.3,92.42,232.44,81.92,75.46
1047.4897,23.64,47.44,90.34,231.12,83.32,76.38
1047.834,21.98,46.24,90.64,226.68,81.68,73.3
1048.1783,21.42,47.3,88.86,223.16,79.06,74.3
1048.5226,22.82,46.7,86.98,221.42,80.92,73.08
1048.8669,21.16,45.12,87.2,219.2,80,73
1049.2112,22.14,44.58,86.3,218.54,78.72,71.38
1049.5555,21.82,43.92,86.34,216.16,76.7,71.34
1049.8998,21.66,45.22,85.78,214.94,78.8,72.6
1050.2441,20.94,42.96,83.44,211.82,77.86,69.1
1050.5884,21.1,43.3,83.68,210.8,78.1,70.04
1050.9327,21.72,43.64,83.06,210.28,76.5,68.78
1051.277,22.26,43.5,83.16,208.12,76.16,71.02
1051.6213,20.08,41.9,82.4,208.48,75.58,69.4
1051.9656,21,44.06,82.66,209.48,75.9,70.68
1052.3099,21,43.72,83.98,208.48,76.18,69.22
1052.6542,20.14,43.18,82.94,206.86,75.06,69.82
1052.9985,21.94,41.5,81.18,205.48,73.94,68.34
1053.3428,19.48,42.14,79.8,202.76,73.32,67.82
1053.6871,20.96,42.4,80.8,199.64,72.5,66.34
1054.0314,19.76,43.36,77.4,198.52,71.56,67.08
1054.3757,20.74,41.04,77.98,194.12,70.62,65.66
1054.72,20.14,41.12,76.84,192.22,70.6,65.28
1055.0643,20.48,40.28,76.48,185.64,70.76,65.04
1055.4086,18.88,39.2,72.8,182.72,67.44,62.34
1055.7529,18.46,38.18,71.6,178.22,65.78,60.92
1056.0972,18.94,39.68,71.84,176.82,66.38,61.28
1056.4415,17.92,37.62,70.44,174.74,65.4,60.58
1056.7858,18.78,36.18,69.88,173.74,63.04,60.38
1057.1301,18.3,36.38,68.24,172.08,64.42,58.68
1057.4744,18.1,37.12,68.8,168.6,62.58,59.94
1057.8187,16.26,34.8,66.72,167.22,62.52,57.44
1058.163,18.58,35.78,66.9,168.1,61.4,58.2
1058.5073,18,35.36,67.38,164.36,62.06,57.28
1058.8516,18.72,35.62,65.24,163.22,61.02,57.8
1059.1959,17.04,36.2,65.86,161.38,59.7,56.7
1059.5402,17.84,34,64.94,162.6,60.78,56.88
1059.8845,17.24,35.8,65.46,161.54,61.34,55.76
1060.2288,17.92,35.7,66.32,161.44,61.16,56.96
1060.5731,18.18,36.66,64.88,162.08,62.04,57.92
1060.9174,17.86,35.06,65.96,159.68,60.36,57.58
1061.2617,17.9,35.34,64.66,159.52,60.82,55.92
1061.606,17.54,34.66,63.9,155.82,58.48,55.86
1061.9503,17.24,34.84,62.34,154.32,60.14,55.3
1062.2946,17.54,32,60.7,150.52,57.7,54.14
1062.6389,16.04,33.84,61.34,148.88,57.04,54.06
1062.9832,16.42,33.54,62.4,149.58,57.74,54.7
1063.3275,17.6,33.46,61.5,147.2,56.86,54.26
1063.6718,16.88,33.16,59.68,145.94,57.12,53.34
1064.0161,14.76,31.72,58.62,143.2,55.34,51.62
1064.3604,16.18,31.6,59.18,142.08,54.88,52.22
1064.7047,15.72,31.56,58,141.5,55.26,52.28
1065.049,16.12,31.2,57.3,141.94,53.96,50.6
1065.3933,15.16,31.5,56.6,139.98,54.04,49.82
1065.7376,16.36,31.9,58.62,142.32,54.64,50.78
1066.0819,17.26,32.66,58.02,139.82,53.38,51.7
1066.4262,16.28,30.26,56.3,139.88,54.06,50.5
1066.7705,16.5,31.14,56.7,136.5,53.06,51.8
1067.1148,15.1,30.4,55.64,134.12,51.06,50.36
1067.4591,15.48,29.68,55.14,129.54,51.12,48.72
1067.8034,14.48,28.46,52.78,126.48,50.7,46.78
1068.1477,13.62,28,51.26,124.08,47.58,46.1
1068.492,14.92,27.9,51.36,120.54,48.02,46.06
1068.8363,14.74,27.7,50.34,119.32,47.6,45.84
1069.1806,13.86,27.86,50.52,119.78,47.22,44.72
1069.5249,13.2,27,48.78,119.06,46.78,43.76
1069.8692,14.44,26.7,49.84,120.1,47.46,46.2
1070.2135,14.1,27.98,50.66,120.7,48.82,45.28
1070.5578,15.24,26.74,51.04,121.06,47.94,46
1070.9021,13.56,26.26,49.92,118.42,47.28,44.88
1071.2464,13.3,26.44,48.3,118.04,46.44,44.32
1071.5907,14.38,27.38,50.32,118.6,47.22,45.6
1071.935,13.48,27.08,48.26,116.14,45.26,44.36
1072.2793,14.82,26.82,49.52,112.12,45.26,44
1072.6236,13.58,26.44,46.7,110.56,45.16,43.62
1072.9679,13.94,25.36,45.86,106.9,42.06,42.54
1073.3122,12.68,24.46,43.4,105.18,42.36,40.82
1073.6565,13.3,24.96,43.98,103.52,41.5,41.64
1074.0008,12.66,23.6,42.62,100.58,40.52,39.2
1074.3451,12.3,24.16,42.36,99.38,40.72,39.94
1074.6894,11.92,23.84,43.4,100.94,40.7,39.38
1075.0337,11.66,23.94,40.78,98.42,39.5,38.9
1075.378,12.28,24.1,42.04,97,39.64,38.38
1075.7223,12.64,22.88,41.2,96.54,40.72,39.3
1076.0666,12.52,23.24,42.48,96.42,40.64,38.86
1076.4109,12.64,23.96,40.22,94.72,40.02,39.68
1076.7552,11.98,22.68,41.06,92.44,39.4,38.88
1077.0995,10.08,23.7,38.96,90.82,37.64,37
1077.4438,12.28,22.58,39.32,91.54,39.46,39.54
1077.7881,11.64,21.5,37.72,89.74,37.38,38.02
1078.1324,11.46,22.58,38.06,89.16,36.96,36.7
1078.4767,11.64,23.34,38.68,87.82,37.26,36.66
1078.821,10.96,20.64,37.34,87.06,36.2,36.86
1079.1653,12.4,22.02,37.6,86.72,37.02,37.12
1079.5096,11.38,21.98,36.84,85.84,36.52,36.96
1079.8539,11.84,21.68,36.24,84.24,35.78,35.3
1080.1982,11.16,20.4,36.06,82.56,36.02,35.94
1080.5425,11.66,21.46,37.14,82.58,36.14,36.4
1080.8868,11.9,20.48,35.66,80.54,35.02,34.64
1081.2311,11.3,20.84,35,78.48,35.1,34.38
1081.5754,10.76,19.82,34.46,76.7,33.1,32.98
1081.9197,10.06,19.28,33.52,77.14,34.46,33.48
1082.264,9.5,19.28,32.4,76.08,32.98,33.2
1082.6083,10.56,19.24,33.1,75.68,32.34,32.6
1082.9526,10.54,19.38,33.26,74.76,32.48,33.38
1083.2969,9.72,18.7,34.22,73.9,31.6,32.3
1083.6412,10.98,18.42,32.68,73.76,32.52,32.56
1083.9855,11,19.22,32.22,72.6,33.34,33.48
1084.3298,10.52,19.4,34.22,71.7,33.02,33.6
1084.6741,10.08,18.2,31.48,70.86,31.36,32.42
1085.0184,8.92,18.58,30.92,69.8,30.22,31.48
1085.3627,10.02,18.54,30.96,68.04,31,30.5
1085.707,9.54,17.96,30.58,68.44,30.88,31.14
1086.0513,9.52,17.58,30.98,67.28,30.14,30.2
1086.3956,8.98,16.82,28.44,65.88,29.26,29.42
1086.7399,9.88,17.62,29.96,66.56,29.5,30.34
1087.0842,8.5,17.54,28.88,64.72,29.28,30.22
1087.4285,8.9,17.22,28.62,64.04,27.86,29.02
1087.7728,7.52,16.26,27.86,62.22,28.14,28.08
1088.1171,9.82,16.86,28.44,64.24,28.62,29.52
1088.4614,8.94,18.24,29.32,63.34,28.3,29.28
1088.8057,8.78,16.9,28.08,63.34,28.42,29
1089.15,8.64,15.98,26.44,61.46,27.98,29.22
