train_error,valid_error
2380.114013671875,3378.195068359375
3267.885986328125,3196.169677734375
2711.335693359375,2989.16259765625
2261.336669921875,2760.724365234375
2344.998046875,2513.604248046875
2320.810791015625,2258.08642578125
2047.6502685546875,2016.9072265625
2067.199951171875,1785.5201416015625
1664.3135986328125,1579.5467529296875
1179.767578125,1400.052001953125
1124.950439453125,1242.6077880859375
1151.2333984375,1124.5321044921875
751.8358764648438,1032.2783203125
828.2800903320312,965.9527587890625
827.6494140625,922.511474609375
670.4927978515625,893.2401733398438
833.169189453125,874.5491333007812
771.9786987304688,866.7216796875
835.961669921875,859.1775512695312
923.6060180664062,851.676513671875
1111.128173828125,850.223876953125
1006.463134765625,847.576416015625
799.09326171875,845.3746337890625
603.31884765625,848.080078125
590.8987426757812,843.522705078125
765.353515625,834.8522338867188
1134.9892578125,839.3350219726562
911.9231567382812,844.3970336914062
889.558349609375,837.8812866210938
860.092041015625,838.4376220703125
835.2435302734375,837.4730834960938
967.5345458984375,837.5890502929688
905.057861328125,837.1593627929688
946.3431396484375,838.4989013671875
945.72509765625,843.9782104492188
1015.3984375,833.9948120117188
772.3729248046875,838.8997802734375
838.1414184570312,839.0853271484375
816.3479614257812,837.9605102539062
750.2055053710938,838.1593017578125
985.2183837890625,838.9466552734375
946.32666015625,839.7176513671875
684.2086791992188,836.013916015625
737.7940673828125,833.642333984375
1066.411865234375,836.0325317382812
928.7068481445312,845.2953491210938
987.0010986328125,833.0633544921875
936.9073486328125,837.1965942382812
749.3447265625,835.4016723632812
888.2526245117188,834.5785522460938
1035.4434814453125,836.827880859375
731.3810424804688,836.36279296875
760.611572265625,838.2903442382812
1064.2564697265625,838.4133911132812
689.6074829101562,837.6560668945312
1078.20458984375,842.0780639648438
676.4987182617188,837.35498046875
796.4027709960938,838.8008422851562
529.8229370117188,844.4506225585938
784.331298828125,836.1765747070312
909.7259521484375,838.3311157226562
714.241943359375,838.2787475585938
939.3670654296875,838.0941162109375
751.0966796875,833.3826904296875
983.19482421875,840.1214599609375
863.979736328125,843.7927856445312
1087.6182861328125,832.6207885742188
1022.0877075195312,837.3433227539062
827.4010009765625,834.9171142578125
805.510498046875,838.2337036132812
864.54345703125,840.008544921875
870.1627197265625,842.6821899414062
819.3710327148438,838.6927490234375
939.92578125,842.8306274414062
654.642822265625,837.2103881835938
901.7984619140625,833.8922729492188
867.34228515625,839.9219970703125
591.4277954101562,837.8408203125
698.9393920898438,841.4298706054688
776.0643310546875,834.6176147460938
1105.5985107421875,843.8087768554688
1051.08837890625,835.20751953125
764.7410888671875,837.062744140625
1013.5467529296875,834.6893310546875
797.5548095703125,832.8799438476562
943.8693237304688,838.7484741210938
872.80322265625,837.7445678710938
861.68115234375,836.7550659179688
813.3384399414062,840.8565063476562
871.5122680664062,839.8322143554688
756.830810546875,844.61572265625
816.9686889648438,838.3529052734375
750.8584594726562,839.8583374023438
1008.3472900390625,837.5831298828125
815.3914184570312,842.4855346679688
853.2952270507812,837.9291381835938
833.0299682617188,837.8307495117188
787.6077270507812,838.3941650390625
785.090087890625,840.4500732421875
750.7913818359375,833.6895141601562
1021.7603149414062,838.6539306640625
781.064208984375,841.2954711914062
1117.06396484375,835.4866333007812
860.3336791992188,836.4398193359375
922.5840454101562,837.1259155273438
844.2593994140625,836.9844970703125
829.3524169921875,836.6612548828125
809.2406005859375,836.921142578125
688.8521118164062,835.7076416015625
921.1237182617188,837.6107788085938
852.4481201171875,836.6576538085938
982.3065185546875,838.2468872070312
946.9913940429688,835.2044677734375
855.5296020507812,836.2010498046875
779.7760009765625,834.388427734375
772.1968383789062,837.70166015625
864.1372680664062,837.7625732421875
870.4542236328125,838.1615600585938
799.4580688476562,839.8428955078125
919.5767822265625,837.7473754882812
1052.6474609375,837.18408203125
826.0437622070312,838.6925659179688
848.6765747070312,840.152587890625
785.407958984375,843.9111938476562
858.0849609375,835.81005859375
996.7828369140625,842.7449340820312
996.7491455078125,838.8867797851562
1010.1239624023438,847.2882690429688
821.8465576171875,835.4291381835938
685.1552734375,833.7333374023438
944.4569091796875,839.9559936523438
938.3243408203125,834.9041137695312
644.656982421875,832.2559204101562
935.3992919921875,834.7632446289062
849.4093627929688,835.7620239257812
897.37939453125,843.6117553710938
893.0889892578125,837.5042724609375
829.4351806640625,836.8424682617188
920.7941284179688,834.0398559570312
983.1488037109375,841.7526245117188
918.8682861328125,840.1320190429688
840.736572265625,832.6458740234375
983.009033203125,833.19140625
641.6698608398438,840.573974609375
1003.785888671875,831.3825073242188
945.3468627929688,832.3696899414062
898.05029296875,834.8333740234375
861.0324096679688,839.0477905273438
874.5620727539062,827.4849853515625
815.548095703125,832.4962768554688
595.5340576171875,830.407470703125
905.2762451171875,837.8473510742188
834.389404296875,828.1997680664062
798.7421875,835.0399780273438
861.7656860351562,834.1414794921875
863.93994140625,822.490478515625
861.411865234375,825.1600952148438
757.502197265625,821.6685180664062
561.1516723632812,815.4778442382812
975.4454956054688,816.408203125
872.6887817382812,818.0886840820312
681.0377197265625,813.8751831054688
1098.2076416015625,820.8270263671875
745.7734375,812.8422241210938
767.7677001953125,811.1347045898438
1193.9259033203125,807.0811767578125
854.8792724609375,809.8875122070312
761.1328735351562,803.625732421875
881.0157470703125,799.84033203125
583.96875,793.6311645507812
765.5076293945312,800.4784545898438
701.1611938476562,791.9508056640625
982.4931640625,779.000244140625
748.9990234375,782.1566772460938
727.0392456054688,773.5888671875
725.4384155273438,763.0645141601562
909.55810546875,771.19091796875
773.4298706054688,753.4398803710938
928.609130859375,762.18701171875
743.2027587890625,748.2263793945312
683.4517211914062,732.0810546875
631.5623168945312,728.8908081054688
994.1068725585938,736.23291015625
669.0668334960938,718.552734375
782.9464721679688,730.5432739257812
871.3030395507812,720.760986328125
876.7650756835938,719.8516235351562
606.3280029296875,708.067138671875
947.3857421875,707.6113891601562
632.7008666992188,703.0545043945312
734.4738159179688,696.2899780273438
687.5917358398438,703.8214111328125
609.0661010742188,683.3059692382812
736.322509765625,700.236083984375
583.0261840820312,717.850341796875
986.4570922851562,701.2089233398438
764.1270751953125,684.1704711914062
747.1600952148438,676.470947265625
699.8333740234375,678.48193359375
907.6793823242188,697.1766357421875
712.0665893554688,698.6248779296875
797.6257934570312,673.4483642578125
700.465576171875,681.0573120117188
554.6435546875,674.4285278320312
661.49951171875,681.431396484375
678.2520141601562,661.7039184570312
812.5631103515625,671.3186645507812
631.7597045898438,683.9946899414062
816.0476684570312,662.4356079101562
566.2470092773438,660.2650756835938
755.1998291015625,682.4450073242188
663.0496215820312,656.098388671875
963.4930419921875,698.3994140625
634.9849243164062,652.5624389648438
403.5736999511719,644.8614501953125
756.878173828125,645.611572265625
557.7114868164062,659.4419555664062
895.89453125,642.9342651367188
693.9412231445312,648.5720825195312
849.5653686523438,655.7772827148438
424.2549133300781,654.4371948242188
791.1259155273438,649.923095703125
794.0833740234375,640.8193359375
773.7467041015625,635.8358154296875
817.635986328125,646.8016967773438
544.1940307617188,639.8433837890625
698.2993774414062,631.234375
612.1141967773438,615.1234130859375
810.0720825195312,633.611328125
721.1333618164062,617.4423217773438
811.91748046875,635.7153930664062
795.8966674804688,631.33935546875
644.7089233398438,622.9136962890625
563.2874145507812,635.524658203125
700.2145385742188,661.2313842773438
688.316650390625,642.4482421875
885.2831420898438,609.4573974609375
961.1406860351562,640.3572998046875
528.8807983398438,621.0850830078125
567.295166015625,626.331787109375
640.920166015625,608.3715209960938
437.3634033203125,610.9664306640625
710.7056884765625,624.1185302734375
883.4339599609375,610.1124267578125
774.2734375,640.7177734375
534.7592163085938,613.5464477539062
559.4222412109375,647.8446655273438
680.6666259765625,620.2860107421875
937.7528076171875,603.0465698242188
895.0454711914062,605.48828125
970.2197875976562,618.1296997070312
445.8902893066406,615.2120971679688
1028.433349609375,605.3244018554688
548.232421875,622.7974243164062
674.0994262695312,623.5173950195312
588.3187255859375,607.1618041992188
433.6740417480469,607.8890991210938
485.9445495605469,578.7081298828125
714.095458984375,595.6356201171875
649.543701171875,612.76318359375
733.422119140625,601.706298828125
848.4194946289062,605.1395263671875
499.7933044433594,610.711669921875
590.192138671875,605.89599609375
717.9318237304688,607.98486328125
697.0994873046875,600.7593994140625
509.89794921875,608.948974609375
527.670654296875,622.2041625976562
707.854248046875,606.31787109375
805.5609741210938,600.849853515625
621.0914306640625,588.9202880859375
595.8816528320312,598.9866333007812
516.5906982421875,584.4380493164062
508.34197998046875,587.8693237304688
615.4632568359375,602.6306762695312
660.7418212890625,575.7391967773438
489.6225280761719,578.8373413085938
617.8008422851562,586.921875
955.3012084960938,595.900146484375
530.4954223632812,584.5855102539062
1027.34814453125,582.4938354492188
776.2481079101562,579.435791015625
684.6356811523438,569.7215576171875
659.3497314453125,602.5283203125
851.2654418945312,566.8203125
575.4822387695312,583.4019165039062
797.7959594726562,583.2289428710938
569.103271484375,561.7757568359375
624.4237060546875,567.4676513671875
546.12548828125,586.2227783203125
660.4254760742188,564.2628784179688
546.3267822265625,567.093505859375
961.914306640625,548.6078491210938
589.4716186523438,561.8511962890625
611.6685791015625,579.0154418945312
524.5587158203125,559.732666015625
501.97344970703125,559.0213623046875
611.0242919921875,562.2380981445312
662.1332397460938,559.3887939453125
646.493408203125,554.1731567382812
548.3706665039062,586.7349853515625
623.1454467773438,548.181640625
563.2967529296875,585.5523071289062
506.60028076171875,573.5891723632812
495.4111022949219,578.08837890625
574.1993408203125,586.0173950195312
614.1990966796875,576.8670043945312
652.5333862304688,550.8314208984375
615.1442260742188,572.9530639648438
534.0001831054688,560.40185546875
553.4204711914062,573.4237060546875
386.4574279785156,567.8526000976562
663.4960327148438,554.6651611328125
493.31658935546875,556.8951416015625
473.4273681640625,554.1026611328125
527.6748657226562,590.1034545898438
588.61865234375,547.3624267578125
541.03271484375,564.67529296875
651.9166259765625,550.3363647460938
644.2463989257812,569.4865112304688
471.7294006347656,587.55419921875
706.5916137695312,535.6258544921875
515.88037109375,553.791015625
808.2606201171875,556.2693481445312
585.2405395507812,552.638671875
550.6055908203125,553.2547607421875
575.2401123046875,548.2529907226562
395.649658203125,560.6986694335938
750.9000854492188,538.3942260742188
603.8074340820312,548.8458251953125
515.5435180664062,553.5798950195312
629.1914672851562,533.9024658203125
481.0867004394531,538.1221923828125
537.025390625,550.15185546875
712.6329345703125,530.9769897460938
723.7198486328125,582.3263549804688
919.9879760742188,531.1392822265625
474.52197265625,529.6578979492188
628.15625,536.7427368164062
585.6998901367188,533.5243530273438
704.0442504882812,526.7899169921875
538.563232421875,554.41650390625
537.8169555664062,541.7792358398438
608.509765625,521.967529296875
504.7666931152344,527.2755126953125
643.2067260742188,530.16015625
677.8588256835938,535.5762329101562
621.6441650390625,552.3843994140625
591.937255859375,542.4393920898438
638.153564453125,518.4374389648438
422.286865234375,535.8394775390625
624.0243530273438,527.8228149414062
310.686279296875,513.3357543945312
600.1334228515625,519.91455078125
389.3080749511719,513.1475830078125
667.4935302734375,533.035400390625
646.8847045898438,559.8539428710938
597.8248291015625,523.6693115234375
330.7120056152344,574.6832885742188
514.6539916992188,528.2005615234375
879.607177734375,542.137451171875
522.3374633789062,531.0399780273438
694.7610473632812,534.0460815429688
490.8961486816406,541.7511596679688
541.349609375,536.31689453125
563.3131713867188,544.1495971679688
498.7033386230469,502.9835510253906
524.3048706054688,513.4849853515625
407.0976257324219,541.6006469726562
434.8651123046875,537.5955200195312
577.117431640625,535.7566528320312
443.3158874511719,530.52392578125
611.4241943359375,516.3434448242188
665.4168701171875,533.2225341796875
633.4813842773438,525.4225463867188
788.985107421875,529.8814086914062
569.960205078125,533.6224365234375
543.242431640625,506.7603454589844
736.5166625976562,520.21435546875
519.6329345703125,508.7085266113281
458.9615783691406,537.2119750976562
681.58740234375,516.0276489257812
653.098388671875,513.9652709960938
548.3167724609375,506.1975402832031
686.7047119140625,522.8738403320312
384.7637023925781,522.53759765625
589.3872680664062,518.9982299804688
327.98614501953125,509.26873779296875
555.0933227539062,514.467041015625
605.649658203125,500.0550231933594
551.3973999023438,488.9691467285156
506.9326477050781,504.0137939453125
630.9854125976562,513.7689208984375
696.7452392578125,531.9660034179688
655.6541137695312,513.0236206054688
759.812744140625,505.2009582519531
676.4398803710938,531.9632568359375
417.795654296875,519.5094604492188
466.82427978515625,514.7741088867188
530.3748779296875,501.78253173828125
664.1712036132812,518.4920654296875
627.3777465820312,500.4727783203125
445.4665222167969,511.1640625
548.1046752929688,532.4507446289062
599.4552001953125,513.7852172851562
517.9202880859375,522.6737670898438
402.61236572265625,522.55126953125
650.0409545898438,520.87548828125
386.510986328125,512.4599609375
473.06195068359375,495.7382507324219
586.1090087890625,503.62493896484375
490.5318908691406,494.9862976074219
512.2899780273438,519.3216552734375
574.73828125,505.3486633300781
420.8180847167969,500.5308532714844
699.7523193359375,507.79345703125
788.0805053710938,508.8187255859375
470.81610107421875,519.1156616210938
375.4404296875,502.63275146484375
595.8782348632812,498.2601318359375
444.9941101074219,514.1805419921875
548.0977783203125,481.90289306640625
350.77001953125,500.61029052734375
731.8176879882812,519.0931396484375
474.84820556640625,500.6783447265625
419.3623046875,491.6225280761719
781.6231079101562,491.15472412109375
652.2039794921875,484.1577453613281
387.46856689453125,501.4140319824219
325.0380554199219,484.68927001953125
442.1235656738281,489.83270263671875
703.3998413085938,502.44140625
529.327880859375,481.1539001464844
591.3701782226562,513.6964111328125
392.22454833984375,494.78558349609375
375.8305969238281,531.08154296875
475.114501953125,505.0906677246094
400.2402648925781,523.1357421875
515.1586303710938,477.3132019042969
722.1362915039062,495.88916015625
486.6262512207031,481.6424560546875
1247.7091064453125,490.2503662109375
538.712890625,491.67437744140625
555.6755981445312,501.21661376953125
583.75439453125,502.8981628417969
500.1893310546875,484.9972229003906
544.7991333007812,473.6416015625
598.1087036132812,484.8802185058594
662.2830200195312,470.60986328125
471.0404357910156,458.7008361816406
658.6669311523438,486.7516784667969
381.9671936035156,479.0062561035156
607.6123046875,508.7928161621094
682.04345703125,507.0342712402344
498.0042724609375,462.3291320800781
488.12042236328125,501.8243408203125
424.16522216796875,483.3493957519531
527.6199340820312,478.5270080566406
510.7620849609375,509.2219543457031
515.6350708007812,471.64569091796875
499.72625732421875,487.07977294921875
417.00201416015625,477.9319763183594
577.099365234375,491.1730651855469
460.4876708984375,459.5474853515625
448.7601013183594,489.4693908691406
320.71734619140625,471.8544006347656
457.19561767578125,460.00506591796875
484.5437316894531,492.5361328125
722.4130859375,491.4200439453125
417.7784423828125,478.9388427734375
405.9276428222656,457.3007507324219
540.798095703125,461.3631591796875
655.9302368164062,493.4313049316406
489.16876220703125,462.0001525878906
445.6328430175781,496.1722412109375
596.1683959960938,474.536376953125
262.76580810546875,482.5517883300781
509.0870666503906,466.8146057128906
384.6939697265625,478.1894836425781
664.5047607421875,441.546142578125
485.79437255859375,466.103759765625
667.1519165039062,498.1334228515625
259.8643493652344,475.156494140625
625.8641357421875,453.4360656738281
489.3922424316406,459.88336181640625
607.2490234375,472.58990478515625
598.106689453125,482.5439453125
521.0694580078125,476.7570495605469
608.671875,453.1385803222656
686.4459838867188,478.1517028808594
523.157470703125,472.61859130859375
469.9759521484375,457.18157958984375
470.876220703125,470.52301025390625
468.8721008300781,478.43994140625
399.4964294433594,471.01751708984375
481.5293273925781,480.4374084472656
615.1552124023438,505.3917236328125
502.9008483886719,477.90032958984375
456.1432189941406,501.906494140625
527.9749755859375,481.22674560546875
443.65863037109375,491.914794921875
623.77734375,471.49493408203125
521.5582275390625,465.59429931640625
392.70220947265625,487.54522705078125
608.020263671875,474.7494201660156
448.1805725097656,465.43560791015625
506.79010009765625,466.7778625488281
582.447265625,446.9183654785156
387.4430847167969,502.8785095214844
664.7786254882812,479.18450927734375
296.9898376464844,482.7095031738281
536.2802124023438,482.3250427246094
454.3233947753906,449.6903991699219
621.9139404296875,479.9368591308594
366.2086486816406,477.1507568359375
596.2581787109375,463.93670654296875
568.8704223632812,445.3245849609375
802.8156127929688,458.14794921875
593.4268188476562,448.5014343261719
486.7329406738281,464.0758972167969
374.2019348144531,455.8721618652344
530.5764770507812,455.6460876464844
639.26953125,470.82208251953125
364.89837646484375,450.09637451171875
585.1702880859375,459.46014404296875
415.8708801269531,452.8450012207031
484.88104248046875,448.49139404296875
473.87109375,468.7395324707031
438.8697814941406,441.214599609375
436.02557373046875,455.40374755859375
474.2432861328125,447.4632873535156
458.7442932128906,474.5450134277344
581.2034912109375,489.9417724609375
731.7955932617188,462.13031005859375
470.3943176269531,477.7693176269531
311.7880554199219,465.08392333984375
491.3509521484375,452.7746276855469
752.16455078125,459.512451171875
603.1064453125,444.9183349609375
580.8722534179688,473.9847412109375
630.8285522460938,478.8209228515625
570.5557250976562,460.2742919921875
382.3222961425781,463.9293212890625
450.136474609375,459.8659973144531
585.03564453125,445.5909423828125
510.59527587890625,470.51373291015625
506.031005859375,442.71728515625
531.6778564453125,454.8781433105469
443.1884460449219,442.7970886230469
367.31243896484375,473.07330322265625
607.97705078125,437.45477294921875
581.7493286132812,470.3543395996094
737.0631713867188,472.4658508300781
372.34881591796875,455.8954162597656
351.41717529296875,444.9648132324219
542.5087280273438,453.5029602050781
536.4785766601562,445.7567443847656
540.296142578125,448.70013427734375
504.04376220703125,423.8078308105469
518.6943359375,452.6070556640625
484.3147888183594,448.4927062988281
649.921875,448.65673828125
477.9767150878906,440.049560546875
387.18890380859375,443.31927490234375
490.4298095703125,470.9106750488281
473.7387390136719,472.55511474609375
477.9098205566406,442.6628112792969
392.7312927246094,455.9467468261719
636.2908935546875,468.979736328125
543.4981689453125,449.68414306640625
317.84271240234375,479.3719482421875
523.420166015625,458.85565185546875
447.12139892578125,473.0850524902344
454.0024108886719,414.4112854003906
642.5304565429688,471.96588134765625
719.7913208007812,458.65716552734375
514.5228881835938,444.164794921875
531.66259765625,442.1282043457031
420.2767028808594,443.5883483886719
711.2447509765625,463.0179443359375
518.0690307617188,449.5575866699219
536.2921142578125,438.0874938964844
477.6068420410156,457.375732421875
567.16650390625,445.9258728027344
520.0899047851562,455.250244140625
548.0130004882812,446.526611328125
408.45050048828125,439.2400817871094
530.6544189453125,438.87725830078125
592.4173583984375,474.7292785644531
316.4223937988281,453.63836669921875
558.2077026367188,430.02447509765625
579.0152587890625,441.83184814453125
521.972900390625,439.7807312011719
334.447265625,432.7894287109375
653.1767578125,451.4696044921875
318.6228942871094,441.8127136230469
458.436767578125,432.76788330078125
313.2486267089844,469.1091613769531
541.0333862304688,425.8534240722656
484.09136962890625,445.1596374511719
420.0502014160156,429.7644958496094
390.4176330566406,450.4870910644531
580.2269897460938,436.2568054199219
224.89390563964844,450.5850524902344
258.50103759765625,440.56390380859375
530.6370239257812,436.7856140136719
641.2621459960938,423.85540771484375
577.1340942382812,432.9215087890625
535.69091796875,429.35308837890625
506.3017883300781,443.31268310546875
330.7935791015625,435.5234375
484.7335510253906,445.1188049316406
692.5732421875,442.7861633300781
517.6839599609375,454.22479248046875
557.9655151367188,461.9445495605469
757.2213745117188,443.32037353515625
357.3524475097656,475.2546081542969
626.9395141601562,431.2535095214844
325.7820129394531,436.1122741699219
477.5910949707031,460.9913330078125
602.1351928710938,433.2750549316406
705.9910278320312,440.11614990234375
594.000244140625,421.2020568847656
462.0845642089844,472.6995544433594
410.2749938964844,477.22296142578125
396.07354736328125,426.06842041015625
684.18212890625,436.6842041015625
435.6412658691406,441.707275390625
677.7501831054688,451.7438659667969
520.7273559570312,462.1624755859375
523.5505981445312,433.3460693359375
645.5703125,431.4624938964844
512.9667358398438,445.36395263671875
401.2312927246094,445.90936279296875
451.485595703125,423.8837585449219
435.412353515625,449.0183410644531
312.8602294921875,426.6656188964844
647.8787841796875,448.21978759765625
523.302734375,440.39971923828125
293.87200927734375,434.91351318359375
750.561279296875,435.51739501953125
538.8355712890625,434.00299072265625
418.4447937011719,424.7425842285156
456.36993408203125,418.7264404296875
393.65118408203125,460.1082763671875
437.5713195800781,432.7408142089844
518.2042236328125,431.3465881347656
490.7246398925781,448.37371826171875
574.7019653320312,461.0010681152344
655.6585083007812,421.8343811035156
614.8486328125,427.1605529785156
564.5095825195312,442.0580749511719
193.8728790283203,463.719482421875
519.0249633789062,423.15008544921875
373.51861572265625,445.8193359375
805.5498657226562,434.3689270019531
555.905517578125,436.3798828125
580.112548828125,442.58319091796875
543.9677124023438,439.4950866699219
417.9500732421875,438.3656311035156
764.1525268554688,428.2035217285156
347.6739501953125,441.87066650390625
638.20751953125,439.5482482910156
343.221435546875,437.5740051269531
555.3954467773438,439.5824279785156
327.0103454589844,467.2117919921875
665.8729858398438,424.9781188964844
301.3813171386719,426.55780029296875
567.6126098632812,433.6441955566406
320.7911376953125,406.6327819824219
452.8515319824219,432.818359375
335.8287048339844,404.8202819824219
246.33082580566406,416.39080810546875
834.5797119140625,442.9400634765625
712.9854125976562,431.8628234863281
523.0125732421875,405.4170227050781
449.25225830078125,438.4989929199219
415.5880432128906,469.48602294921875
658.5052490234375,453.5064392089844
363.45965576171875,434.8974304199219
554.3687133789062,479.069091796875
383.0008850097656,425.0337219238281
432.3253173828125,434.4964294433594
494.11065673828125,480.0430603027344
710.4159545898438,479.0010070800781
219.70191955566406,430.10992431640625
507.3572082519531,439.58990478515625
365.2145690917969,432.8094177246094
376.5442810058594,429.43096923828125
400.89599609375,437.6402587890625
384.7057189941406,435.0230712890625
308.8126525878906,438.75726318359375
494.7742614746094,436.5363464355469
602.4563598632812,437.4659118652344
460.8185119628906,435.5605163574219
889.1287841796875,455.98992919921875
575.13330078125,461.6329345703125
305.7884826660156,426.96148681640625
372.9447937011719,491.07208251953125
621.9777221679688,454.1407775878906
557.6753540039062,430.9229736328125
403.8765563964844,437.4749755859375
516.8776245117188,464.57080078125
402.7248840332031,434.11151123046875
537.3865966796875,431.72650146484375
454.2574157714844,447.3265380859375
486.9402160644531,414.8665466308594
399.7139587402344,458.605224609375
275.073486328125,456.79461669921875
466.7962341308594,401.7832336425781
761.10107421875,426.36224365234375
367.24908447265625,423.92041015625
752.3495483398438,428.7025146484375
671.9381713867188,436.17047119140625
533.5105590820312,427.1171875
513.8268432617188,438.5342102050781
652.534912109375,420.2418518066406
326.99346923828125,415.3900146484375
572.2855834960938,455.7525329589844
334.2924499511719,442.9259338378906
698.9476928710938,443.34344482421875
438.42254638671875,458.4938659667969
528.9794311523438,424.8072814941406
602.0689086914062,434.1330871582031
487.1464538574219,438.2978820800781
693.8838500976562,435.9090881347656
646.758544921875,432.25311279296875
503.66827392578125,431.30584716796875
442.1999206542969,432.96905517578125
546.4406127929688,414.41070556640625
647.5933227539062,412.2519226074219
312.6411437988281,458.4432678222656
638.9142456054688,415.2930908203125
554.1353149414062,417.6022644042969
438.4171142578125,435.93634033203125
595.5577392578125,441.5928955078125
574.6682739257812,433.3387756347656
504.7279357910156,419.11224365234375
426.2361145019531,421.56298828125
669.0611572265625,432.9428405761719
255.31375122070312,425.8751525878906
501.33465576171875,412.2089538574219
498.5943298339844,415.2655944824219
395.501953125,423.71588134765625
692.7948608398438,446.0137023925781
685.2164916992188,440.1770935058594
426.1036682128906,444.42138671875
427.0663757324219,442.86328125
406.037109375,428.6928405761719
612.5070190429688,437.2265625
518.4077758789062,416.4170837402344
610.1715087890625,408.7717590332031
493.4715576171875,430.374755859375
429.18597412109375,421.9180603027344
324.78936767578125,415.55499267578125
251.78939819335938,421.57061767578125
525.3005981445312,433.28741455078125
436.1681213378906,413.0075378417969
499.3529357910156,421.2193603515625
367.9906921386719,425.1428527832031
675.7399291992188,426.7138366699219
495.9407653808594,407.346435546875
349.07586669921875,412.0971374511719
518.3453369140625,405.62921142578125
424.94439697265625,414.1605529785156
592.7926635742188,427.2707214355469
435.5928649902344,394.4427185058594
447.3152160644531,435.7091369628906
382.5007019042969,425.328125
410.034423828125,402.3182067871094
517.14599609375,387.14404296875
766.8870239257812,388.4548645019531
453.68560791015625,404.8413391113281
715.9178466796875,405.06915283203125
678.266357421875,381.7271728515625
528.2923583984375,396.3075256347656
359.80364990234375,412.69671630859375
609.8692016601562,423.01910400390625
702.07763671875,394.7934265136719
405.8345947265625,405.5823669433594
621.44677734375,421.99798583984375
741.5256958007812,440.6812744140625
254.0968475341797,410.67327880859375
306.6999206542969,404.2976989746094
590.543701171875,403.38104248046875
518.2035522460938,379.844482421875
372.4893493652344,432.288330078125
424.1268310546875,399.24920654296875
611.7537841796875,415.67449951171875
286.47613525390625,390.36334228515625
457.3913269042969,411.21795654296875
606.515380859375,411.73968505859375
406.1946716308594,396.8034973144531
395.0577697753906,392.8380126953125
444.74041748046875,415.70086669921875
286.5542297363281,390.2557373046875
461.9299011230469,404.0881042480469
344.8686828613281,438.91876220703125
495.45745849609375,403.3197021484375
586.4847412109375,401.0333251953125
236.44960021972656,419.0537414550781
404.79571533203125,412.13043212890625
442.5676574707031,410.24560546875
412.0437316894531,387.9807434082031
440.64959716796875,398.41729736328125
265.48175048828125,409.5220031738281
445.9959411621094,410.8150634765625
425.5743103027344,405.5653076171875
308.3531188964844,387.6087646484375
318.6882629394531,395.629150390625
618.3429565429688,391.6127624511719
530.0758056640625,405.2810363769531
543.2783203125,409.4241638183594
390.0862121582031,402.4342346191406
654.2398681640625,421.3197326660156
491.3502197265625,374.39080810546875
538.0330810546875,414.3239440917969
752.7607421875,435.86883544921875
465.4776916503906,392.7991027832031
580.4224243164062,381.9200744628906
400.655029296875,398.6033020019531
412.4763488769531,402.1742248535156
593.9656372070312,410.43450927734375
518.4700927734375,411.06573486328125
369.86468505859375,430.1438293457031
508.1352844238281,414.9623107910156
683.9346313476562,403.3249816894531
694.9132690429688,391.97454833984375
493.114501953125,396.9233093261719
399.52728271484375,385.89532470703125
528.6790161132812,403.22344970703125
444.26727294921875,405.7406005859375
553.8821411132812,418.3067932128906
568.2017211914062,393.71075439453125
360.5520324707031,404.43170166015625
648.0485229492188,403.3945617675781
410.9513854980469,390.4994812011719
755.8082275390625,407.1036071777344
534.72021484375,425.8294982910156
358.0285339355469,412.8106994628906
1006.76171875,407.70709228515625
317.4715270996094,405.6535339355469
574.5303344726562,394.0126953125
484.48553466796875,393.24420166015625
414.638916015625,384.667236328125
562.8776245117188,405.1995849609375
317.303466796875,411.67498779296875
481.3321838378906,391.2102355957031
235.1320037841797,390.314697265625
358.6117248535156,394.6899719238281
341.1517639160156,393.3858642578125
591.1347045898438,421.8011474609375
432.9967346191406,381.5191650390625
463.03045654296875,387.416748046875
645.758056640625,396.69073486328125
528.4976196289062,411.525634765625
379.3861999511719,388.6831970214844
469.7931823730469,415.98199462890625
517.853759765625,386.4068908691406
278.9458312988281,387.2681884765625
417.4173889160156,379.67529296875
887.5446166992188,398.6269836425781
382.61102294921875,373.3243713378906
315.4377746582031,407.364990234375
303.6792907714844,390.5226745605469
349.2593688964844,420.52862548828125
336.2115173339844,368.3170166015625
498.89923095703125,401.11492919921875
545.9655151367188,380.533203125
462.325927734375,393.766357421875
375.0211486816406,396.09149169921875
407.4292907714844,386.5022277832031
513.3637084960938,395.879150390625
377.09918212890625,379.92724609375
357.0707092285156,399.95513916015625
594.8125,403.8749084472656
353.70501708984375,377.0738220214844
547.2813110351562,406.9316101074219
293.10302734375,404.0006103515625
321.4428405761719,383.722900390625
600.3253173828125,384.7840270996094
669.0133056640625,396.7345886230469
680.8118286132812,389.0085144042969
356.8163146972656,402.9868469238281
555.193115234375,392.12188720703125
428.3633117675781,375.0635070800781
336.8726501464844,386.5523376464844
508.3982849121094,380.42236328125
607.9307861328125,401.03594970703125
518.8453369140625,393.1300964355469
371.3158264160156,415.51141357421875
376.733154296875,423.54522705078125
474.3194580078125,395.7213439941406
402.3050537109375,393.00299072265625
324.7513732910156,397.4659118652344
395.8625183105469,420.05926513671875
623.7322387695312,425.7709045410156
568.3905639648438,387.62322998046875
370.9444580078125,410.10089111328125
393.60540771484375,395.47503662109375
317.4765930175781,411.104248046875
313.61517333984375,418.317138671875
575.7012329101562,418.9217834472656
524.8724365234375,389.329345703125
461.21282958984375,405.8675231933594
464.7471618652344,396.04595947265625
451.6095275878906,384.06610107421875
429.0975341796875,380.6830139160156
461.9341125488281,376.9918518066406
323.1076354980469,375.7027587890625
417.51019287109375,380.7693786621094
473.9667053222656,371.8299255371094
613.8195190429688,408.06268310546875
445.7342224121094,395.89239501953125
575.766357421875,391.4005432128906
306.2111511230469,390.08184814453125
390.1927795410156,366.82025146484375
433.5130920410156,367.1788635253906
623.8136596679688,404.4713134765625
433.86041259765625,362.95361328125
431.0230712890625,380.3193054199219
543.3093872070312,367.3341369628906
262.2747497558594,398.6913757324219
511.2948303222656,378.4221496582031
710.8616333007812,360.6557922363281
405.1085510253906,389.9910583496094
378.5860290527344,374.0305480957031
423.1669921875,371.13848876953125
302.2973327636719,380.5033874511719
245.06239318847656,395.1994934082031
367.75177001953125,378.3043518066406
358.5951843261719,386.6410217285156
531.2850952148438,396.6253662109375
648.3997802734375,398.5848083496094
351.316162109375,360.8526916503906
440.0157470703125,381.92889404296875
611.2603149414062,368.9678039550781
653.17626953125,380.9498596191406
501.17156982421875,371.9593200683594
434.24945068359375,380.98284912109375
271.8438720703125,387.2601013183594
325.0699462890625,383.72637939453125
437.94903564453125,375.4496154785156
544.5658569335938,391.6647644042969
515.9098510742188,381.3752746582031
653.1759643554688,409.9469299316406
379.8713684082031,379.35418701171875
561.359375,384.21728515625
578.0198974609375,373.4553527832031
538.263916015625,386.19390869140625
351.08917236328125,383.8726501464844
498.2710266113281,388.7351379394531
492.6337890625,407.0915832519531
429.8786315917969,377.6000671386719
577.3936157226562,365.1154479980469
509.4598693847656,388.720947265625
405.4521179199219,396.5755920410156
279.56396484375,379.998779296875
383.5836486816406,388.22802734375
534.2266235351562,400.1174621582031
484.1368713378906,399.3355712890625
526.345703125,380.2242736816406
724.8397827148438,378.5884094238281
296.633056640625,370.6478576660156
424.1700439453125,397.6372375488281
396.68560791015625,378.5317687988281
582.1309204101562,379.6250305175781
441.11895751953125,403.8406677246094
401.93499755859375,379.6676025390625
757.072509765625,424.9502258300781
482.3592834472656,380.3245849609375
534.485107421875,402.3829650878906
318.0845031738281,389.9731750488281
282.8527526855469,383.1776428222656
653.4127197265625,377.3369445800781
467.9363098144531,367.83453369140625
397.7238464355469,369.8336486816406
378.1523132324219,378.6109924316406
570.7667236328125,381.47015380859375
672.146728515625,375.347412109375
559.86328125,367.1592712402344
322.7353820800781,364.4493408203125
296.68280029296875,379.78271484375
482.0773620605469,374.3946838378906
466.03656005859375,385.4431457519531
359.22955322265625,391.8952941894531
413.419677734375,384.38592529296875
571.4806518554688,383.5775146484375
410.58209228515625,378.43450927734375
514.0548095703125,373.8236999511719
419.3542175292969,378.15264892578125
338.46624755859375,376.13299560546875
584.0362548828125,362.1702575683594
350.6921081542969,396.0803527832031
372.90966796875,395.076416015625
391.7412414550781,387.4322814941406
325.7092590332031,388.57135009765625
390.3714904785156,369.83734130859375
345.64288330078125,373.69305419921875
363.6800231933594,405.21221923828125
