,wl,C,H,I,K,E,A,N,B
0,601,0.0579607884023649,0.0579607884023649,0.0579607884023649,0.0340922663186165,0.20815102361736598,0.4429498174957174,0.24436173028749616,0.47888967523447296
1,602,0.0576981815799192,0.0576981815799192,0.0576981815799192,0.0338544253454345,0.20861971061183315,0.44392848476399577,0.24490907293801237,0.47994640318639026
2,603,0.0580452845242243,0.0580452845242243,0.0580452845242243,0.0341628008838288,0.20833796333220916,0.443366216142351,0.2445840589947101,0.4793412045685453
3,604,0.0578749546295373,0.0578749546295373,0.0578749546295373,0.0340471675333806,0.20778711047554857,0.44256988760801313,0.24399534723263838,0.4785072966370083
4,605,0.0576127569730864,0.0576127569730864,0.0576127569730864,0.0338485570127312,0.2074355234829833,0.44169300135052203,0.2435627491270705,0.4775500069616407
5,606,0.0574868599340133,0.0574868599340133,0.0574868599340133,0.0337301649531076,0.20735255170748754,0.4418455675633606,0.24351609854061912,0.47773862322019106
6,607,0.0579748998899545,0.0579748998899545,0.0579748998899545,0.0342238236293574,0.20637411876688233,0.44014199372109575,0.24242583776551516,0.4759240511579805
7,608,0.0577541154218316,0.0577541154218316,0.0577541154218316,0.0340351558355699,0.206185993669192,0.44009617332469964,0.24225966284718908,0.47590001691763034
8,609,0.0575987967977174,0.0575987967977174,0.0575987967977174,0.0339336511965101,0.20628402042990918,0.4398850588915359,0.24231001754211626,0.47564158288051595
9,610,0.0576392401570179,0.0576392401570179,0.0576392401570179,0.0339399046159221,0.20626491117394716,0.4397081762566773,0.24226657186777786,0.47544055747383995
10,611,0.0572588093980596,0.0572588093980596,0.0572588093980596,0.0336204203183274,0.20581789804293432,0.4394134999599087,0.241843053594865,0.47516919044020056
11,612,0.0568130755144701,0.0568130755144701,0.0568130755144701,0.0331950403464278,0.20598904000576718,0.4392734878885038,0.24196620162952376,0.47498155147005816
12,613,0.0570772512040083,0.0570772512040083,0.0570772512040083,0.0334780710360386,0.20612472834793866,0.4398719859140113,0.242173261747065,0.47565089067355654
13,614,0.0571494538669804,0.0571494538669804,0.0571494538669804,0.0335858223518788,0.2051856630625416,0.4377630204700166,0.24105377588003654,0.4733628486477125
14,615,0.0573287256937378,0.0573287256937378,0.0573287256937378,0.03364852915253,0.20487295702989933,0.4376678918823994,0.24077462472739086,0.47330102480265956
15,616,0.0569800075526202,0.0569800075526202,0.0569800075526202,0.0333767766503087,0.20479182504582638,0.4373819526421432,0.24066191402087928,0.47298374856319236
16,617,0.0566404802403228,0.0566404802403228,0.0566404802403228,0.0332333797316941,0.20493293488883904,0.4373095598166083,0.2407700970764769,0.4728786707580069
17,618,0.0568290657339402,0.0568290657339402,0.0568290657339402,0.0332516032725693,0.20439678328274755,0.4362782692780386,0.24015758299911877,0.47177159160736903
18,619,0.0566287882669399,0.0566287882669399,0.0566287882669399,0.0332043774627592,0.2043565754477205,0.4362105197975039,0.24011312571163101,0.47169961486938167
19,620,0.0567207878977807,0.0567207878977807,0.0567207878977807,0.0333347319559777,0.20490424552068193,0.4371472494063245,0.2407207968189266,0.47269590092558367
20,621,0.0569332432938207,0.0569332432938207,0.0569332432938207,0.033463366584425,0.20517941965514594,0.43724305349698,0.24096830927708912,0.4727642563454956
21,622,0.0569339395864427,0.0569339395864427,0.0569339395864427,0.0334572825105226,0.2045909724874817,0.43623009339718305,0.24031439018068207,0.4716863187210387
22,623,0.0567894609905553,0.0567894609905553,0.0567894609905553,0.0334566365205091,0.20367486550452935,0.4347771142042882,0.2393154942886841,0.4701511597775184
23,624,0.056455548631915,0.056455548631915,0.056455548631915,0.0330755779961522,0.20422731741571526,0.4357113018072758,0.23992681381684197,0.47114378127251394
24,625,0.056876440935165994,0.056876440935165994,0.056876440935165994,0.0335842501549419,0.2039785233390034,0.4348669083206283,0.23958616387357815,0.47020822015976677
25,626,0.0563408211768309,0.0563408211768309,0.0563408211768309,0.0330672048100624,0.20409613789278555,0.43544697145173816,0.23977510709241867,0.4708590653986536
26,627,0.0568079150402317,0.0568079150402317,0.0568079150402317,0.0335455740101755,0.20339207838814977,0.4336847156974119,0.23890784610893362,0.46893484022913934
27,628,0.0569939036348109,0.0569939036348109,0.0569939036348109,0.0337265481669814,0.20249677499655366,0.4325715591542084,0.23797894283509496,0.4677883326928005
28,629,0.0570207564069936,0.0570207564069936,0.0570207564069936,0.0337652254095077,0.20312615926357436,0.43266240109183723,0.23852527624464934,0.4677967456658086
29,630,0.0567309950594921,0.0567309950594921,0.0567309950594921,0.0335440044479413,0.20217158911862165,0.43110326629594464,0.2374774631917293,0.4661450668469552
30,631,0.0569437750871424,0.0569437750871424,0.0569437750871424,0.0337321007046603,0.20302580327771158,0.43240231458991896,0.2384002824427364,0.46751220056856896
31,632,0.0570550711905131,0.0570550711905131,0.0570550711905131,0.0339479244630208,0.2020654372023228,0.43105620390044075,0.2373804299041711,0.46610705348831893
32,633,0.0574435086644763,0.0574435086644763,0.0574435086644763,0.0342960211738038,0.20279733075050582,0.43219979405278763,0.23817581779906222,0.4673136624388343
33,634,0.0571802594509094,0.0571802594509094,0.0571802594509094,0.0341763134394767,0.20227365748637274,0.43185715640628664,0.2376800622695674,0.46699872967955214
34,635,0.0573876296892344,0.0573876296892344,0.0573876296892344,0.0342901190140052,0.20204773229344886,0.43087271668560106,0.23733715989001383,0.46589818762239443
35,636,0.0569805350672496,0.0569805350672496,0.0569805350672496,0.0339262050776178,0.20132253151888657,0.43026186879197287,0.2366295890368491,0.46530484324424404
36,637,0.0562066912856813,0.0562066912856813,0.0562066912856813,0.0331824993604973,0.2012422952009813,0.4300663431935347,0.23653157300427818,0.46509166815157127
37,638,0.0558239049673858,0.0558239049673858,0.0558239049673858,0.0327779506383567,0.20021220698007147,0.42826437152302,0.23538244397264405,0.4631715442176566
38,639,0.0553588802759171,0.0553588802759171,0.0553588802759171,0.0322510684796541,0.20043167828985192,0.4287634882144809,0.2356450409515529,0.4637134766936716
39,640,0.0554244633736912,0.0554244633736912,0.0554244633736912,0.0324714823238748,0.19927636884037644,0.42672113394125694,0.2343529418509402,0.46153534508865274
40,641,0.0548743684506082,0.0548743684506082,0.0548743684506082,0.0319707408480639,0.19920369542330285,0.4269426012758917,0.2343256266493862,0.46180182644349843
41,642,0.0554246125023111,0.0554246125023111,0.0554246125023111,0.0324643030833398,0.19831029066421135,0.4259686917033302,0.23341981057522623,0.4608155946044757
42,643,0.0543758406229039,0.0543758406229039,0.0543758406229039,0.031574400112437,0.19898999001501966,0.42625761731697975,0.2340392401637279,0.46104470746568804
43,644,0.0535720712339466,0.0535720712339466,0.0535720712339466,0.0307815226762198,0.19870603099186365,0.42596568057450246,0.23375404663080213,0.46075154683932473
44,645,0.0547666468268183,0.0547666468268183,0.0547666468268183,0.0320147350990178,0.1983710639855567,0.42531080452574593,0.23336973980974007,0.4600477016640506
45,646,0.0549436909809539,0.0549436909809539,0.0549436909809539,0.0320035202301126,0.19828343952220287,0.4248208934793007,0.23322007808443912,0.45949622141422053
46,647,0.0547142142622633,0.0547142142622633,0.0547142142622633,0.0318332393049695,0.19728155079275855,0.4230969044892463,0.23210683115449898,0.45766170465928313
47,648,0.054731805254766,0.054731805254766,0.054731805254766,0.0318732556242163,0.19761249610510193,0.4250385705958556,0.23268617986927728,0.4598499101172355
48,649,0.0542938353277344,0.0542938353277344,0.0542938353277344,0.0315315696323901,0.19730991583194216,0.42413993718312754,0.2322916805415779,0.4588600471427226
49,650,0.0541655953909933,0.0541655953909933,0.0541655953909933,0.031416169615227994,0.19741831035271096,0.4241469913515051,0.2323844450275933,0.45885159519432084
50,651,0.0543685579422392,0.0543685579422392,0.0543685579422392,0.0317384657609747,0.19613985649607457,0.4221934059869379,0.2310018702004253,0.4567946698868486
51,652,0.0539156897506737,0.0539156897506737,0.0539156897506737,0.0312389129908052,0.19664466107245898,0.4223490212601897,0.23145282335496317,0.45689683422950994
52,653,0.0543638885748621,0.0543638885748621,0.0543638885748621,0.0316784962055358,0.19666366281186298,0.42248697816003034,0.2314901757232513,0.4570529983710378
53,654,0.05439565965887,0.05439565965887,0.05439565965887,0.0317473719064477,0.1968335706795309,0.4223903200023272,0.2316189706000319,0.45691552740180524
54,655,0.0542372601722406,0.0542372601722406,0.0542372601722406,0.0315941298534362,0.19646839875784763,0.4216901770694664,0.23120213847826154,0.4561641150243335
55,656,0.0545886353008602,0.0545886353008602,0.0545886353008602,0.0320254015434791,0.19561931596481102,0.42038716452841907,0.23028304920407885,0.4547916186442133
56,657,0.0541412144994087,0.0541412144994087,0.0541412144994087,0.0315024962671268,0.1951785182936332,0.419639079317573,0.22979486618321193,0.4539964947476141
57,658,0.0536241941596351,0.0536241941596351,0.0536241941596351,0.0310857925513812,0.1955544607919863,0.42026782254741796,0.23020979444119433,0.45466393995520354
58,659,0.0537292284920587,0.0537292284920587,0.0537292284920587,0.0311936490485021,0.1957206270530894,0.42038004069649026,0.2303676391963315,0.45476790045175125
59,660,0.0536674918837194,0.0536674918837194,0.0536674918837194,0.0311514112850723,0.19458977600578162,0.4185026396346584,0.22912165363291842,0.4527762271775166
60,661,0.0533646091232976,0.0533646091232976,0.0533646091232976,0.0308221998344631,0.19473324596652464,0.41834502510538113,0.2292186892353265,0.4525725329926917
61,662,0.05410204185608,0.05410204185608,0.05410204185608,0.0316204921233275,0.19440903506020618,0.4180845890634532,0.22890431740982747,0.4523218562479825
62,663,0.0534740327051363,0.0534740327051363,0.0534740327051363,0.0310085603005166,0.19448454956371353,0.4182181534247708,0.22898878778314213,0.4524643024052879
63,664,0.0532627033669116,0.0532627033669116,0.0532627033669116,0.0307430667835899,0.19404079851308143,0.41682046854808136,0.22839791485057884,0.45092060437863285
64,665,0.0534733891179297,0.0534733891179297,0.0534733891179297,0.0310518315521258,0.19386727991280925,0.4167051784557727,0.2282333786203462,0.4508142280137979
65,666,0.0541164060152069,0.0541164060152069,0.0541164060152069,0.0317567066033159,0.19460315135296838,0.4177766481907066,0.22902100531333583,0.4519370743393213
66,667,0.0535651115423386,0.0535651115423386,0.0535651115423386,0.0311956042771673,0.19351069242413146,0.4164680531646004,0.2278952168514185,0.4505953845747567
67,668,0.0535432659672391,0.0535432659672391,0.0535432659672391,0.0311729957386276,0.19331094723345182,0.4156120827761245,0.2275942645925941,0.4496389745760157
68,669,0.0532117319626567,0.0532117319626567,0.0532117319626567,0.0308430280941986,0.19334277476445508,0.4155188699056538,0.2276068070469674,0.4495266232773304
69,670,0.0530381919937168,0.0530381919937168,0.0530381919937168,0.030675139626913997,0.1924580746180518,0.4137866636877024,0.22659140174605605,0.4476646859025934
70,671,0.0530699721066885,0.0530699721066885,0.0530699721066885,0.0308146788959706,0.19343516573696592,0.41593239997183,0.2277487258318766,0.44998931191410346
71,672,0.0539981640725398,0.0539981640725398,0.0539981640725398,0.0317530025574447,0.19164843585498764,0.4124170192468491,0.22569539946204295,0.4462093304564952
72,673,0.0530260608135926,0.0530260608135926,0.0530260608135926,0.0308122018316137,0.19287597764558936,0.41426150689790564,0.22701809191113048,0.44814824137463993
73,674,0.0531656657759797,0.0531656657759797,0.0531656657759797,0.0309173581604363,0.19201447393057575,0.41295286752478294,0.22608762465721718,0.4467711711778219
74,675,0.0534724427275074,0.0534724427275074,0.0534724427275074,0.0312244516431952,0.19203027074276724,0.41325051182527295,0.2261468906967026,0.4471119491486437
75,676,0.0529703719369013,0.0529703719369013,0.0529703719369013,0.0308197336414666,0.19178685021061667,0.4125435474623948,0.22583198762074919,0.44633403770297614
76,677,0.0523917380282005,0.0523917380282005,0.0523917380282005,0.0302217943091627,0.19087940069575343,0.41069860541763736,0.22477995746641122,0.4443455970642171
77,678,0.053375846330668,0.053375846330668,0.053375846330668,0.0311763255891395,0.19131671062029448,0.41121059692859036,0.22522878207290836,0.44486901528448447
78,679,0.0529586376883357,0.0529586376883357,0.0529586376883357,0.0309590520392746,0.1909754441778835,0.41108981303878217,0.22492151900390778,0.444781983527729
79,680,0.0525257502551325,0.0525257502551325,0.0525257502551325,0.0304639516259524,0.19106276679940798,0.41102650946824093,0.22498560877399568,0.44469562325975664
80,681,0.0525006584980523,0.0525006584980523,0.0525006584980523,0.030496301457702005,0.18989957546405484,0.4093076580966249,0.22373672765249736,0.4428917118637729
81,682,0.0526521767183899,0.0526521767183899,0.0526521767183899,0.030669337104116002,0.19033617985062176,0.4093993320060233,0.22412013159938438,0.4429305894872855
82,683,0.0525272855710145,0.0525272855710145,0.0525272855710145,0.0304442442883248,0.189981740141878,0.40889222327967445,0.22374214439475187,0.4424001229014768
83,684,0.0518630113743879,0.0518630113743879,0.0518630113743879,0.0297592790938503,0.18988966188502598,0.40883014036436194,0.22365469636357685,0.4423426171222636
84,685,0.0532396312559959,0.0532396312559959,0.0532396312559959,0.031167921279403,0.18961922597104552,0.4086389377140245,0.22339648515131275,0.4421635420309905
85,686,0.0525719665226838,0.0525719665226838,0.0525719665226838,0.0306175086904313,0.18909538063353573,0.4077478484157205,0.22281600369905513,0.4412162418583404
86,687,0.0520580854203326,0.0520580854203326,0.0520580854203326,0.0301192370581055,0.1892835833177628,0.4082438557433393,0.22305167265419704,0.44175936848305514
87,688,0.0524836648219181,0.0524836648219181,0.0524836648219181,0.0306810945139534,0.18889436013130215,0.40732275743316815,0.2225804221059915,0.4407568594078575
88,689,0.0526657260152092,0.0526657260152092,0.0526657260152092,0.0308409564544011,0.188446443904195,0.4068602674237749,0.22213026156546478,0.44029213581120974
89,690,0.0516004000687654,0.0516004000687654,0.0516004000687654,0.0298446597537729,0.1893762254379773,0.4075478413810927,0.22302268353378368,0.44094263687046104
90,691,0.0524944183094426,0.0524944183094426,0.0524944183094426,0.0306722441956695,0.18834409303480748,0.40544609724867664,0.22182559803561586,0.4386771729689016
91,692,0.0521386699267884,0.0521386699267884,0.0521386699267884,0.0303501723896924,0.18827302774032859,0.40534717333487846,0.22175023204308275,0.4385739890703497
92,693,0.0514804816469483,0.0514804816469483,0.0514804816469483,0.0298329290337775,0.18768258846652663,0.4045632578467607,0.22112996860719877,0.43776045715063217
93,694,0.0524527603611998,0.0524527603611998,0.0524527603611998,0.0306678546599839,0.18803046852137412,0.40434810790486253,0.22139100403449719,0.43745912370669265
94,695,0.0528062869598452,0.0528062869598452,0.0528062869598452,0.0310482585699633,0.1874867454673562,0.4037578645359616,0.22084011470688644,0.43686175303423586
95,696,0.0516159629126966,0.0516159629126966,0.0516159629126966,0.0300640454341929,0.18773221290968936,0.40444830551638417,0.22115420061741353,0.4376203111995678
96,697,0.0532632052084656,0.0532632052084656,0.0532632052084656,0.0315761916496323,0.18813602573150168,0.4046282006281009,0.22152348356740537,0.43776592610756904
97,698,0.0523217043793728,0.0523217043793728,0.0523217043793728,0.0306299044788356,0.18736268921503524,0.403641906847289,0.22071730538901577,0.43674703967242495
98,699,0.0521457228251225,0.0521457228251225,0.0521457228251225,0.0305079154486942,0.18781777401808294,0.4038843282516148,0.22113958700840317,0.43695691504207157
99,700,0.0527053108954114,0.0527053108954114,0.0527053108954114,0.0309729904556075,0.1869357604441863,0.40263308366680006,0.22020062960287196,0.43564915162132406
100,701,0.0525699495262956,0.0525699495262956,0.0525699495262956,0.0309244828519439,0.18664329675174524,0.40208610621779606,0.21986892470469666,0.4350632071012434
101,702,0.0523226521572693,0.0523226521572693,0.0523226521572693,0.0305894440384834,0.18678258970179437,0.4019124567985396,0.21995995366646048,0.4348416647547005
102,703,0.0518260886921373,0.0518260886921373,0.0518260886921373,0.030216566677401,0.18652577805201823,0.4011080187593793,0.21961868897882753,0.43395340116027514
103,704,0.0527953202448875,0.0527953202448875,0.0527953202448875,0.0311882596258399,0.18627750120708084,0.40003458688156907,0.21924315421483265,0.43275365973410274
104,705,0.0516963094301352,0.0516963094301352,0.0516963094301352,0.0301308965742627,0.18732873843168077,0.40245600699881645,0.22050570094404232,0.4353848215769406
105,706,0.0527880917595746,0.0527880917595746,0.0527880917595746,0.0312643579991293,0.18488771650655714,0.39799105564370285,0.21775255295315152,0.4306100733432863
106,707,0.0522406502033276,0.0522406502033276,0.0522406502033276,0.0307610488175539,0.18591193433065897,0.3996032588588573,0.21886743951286153,0.432312269879188
107,708,0.0522722839287614,0.0522722839287614,0.0522722839287614,0.0308354495777228,0.18627348216386724,0.400139932875998,0.21925599709922167,0.4328757547015585
108,709,0.0527741061035796,0.0527741061035796,0.0527741061035796,0.0312480986531594,0.1858575461459963,0.399893915536511,0.21886626422708394,0.4326557440680502
109,710,0.0523042410146635,0.0523042410146635,0.0523042410146635,0.0308938421071453,0.18518043114987487,0.3982345312471003,0.21803766744228215,0.4308460071569258
110,711,0.0518078710812431,0.0518078710812431,0.0518078710812431,0.0304535238839435,0.18515992503181833,0.39829206976273396,0.21802920033579687,0.43091548518816725
111,712,0.0520578165923907,0.0520578165923907,0.0520578165923907,0.0306663518373182,0.18510344464677655,0.3982047480277888,0.21796796293176557,0.4308234460770696
112,713,0.0518982462715629,0.0518982462715629,0.0518982462715629,0.0305155271657766,0.18487340351080278,0.3977073458350788,0.21769669104130696,0.43028512018195453
113,714,0.0520103541975535,0.0520103541975535,0.0520103541975535,0.0306838224513754,0.18473321714802884,0.39760111486093624,0.21756173514781654,0.43018408343215386
114,715,0.0521771541853144,0.0521771541853144,0.0521771541853144,0.0309437766380589,0.18426478064134333,0.3969398920718815,0.2170635751113298,0.4294933525951333
115,716,0.0520227606831519,0.0520227606831519,0.0520227606831519,0.0306303546300736,0.18442480350636947,0.39647883759353625,0.21712781531692163,0.42893723386178334
116,717,0.0516865122540369,0.0516865122540369,0.0516865122540369,0.0304290836852676,0.18364614776961147,0.3953214285884296,0.21629073996182518,0.4277218500972741
117,718,0.0519965132539629,0.0519965132539629,0.0519965132539629,0.03062374197036,0.18359404444566468,0.39539529153993236,0.21625806709975887,0.4278149985086152
118,719,0.0517769209350572,0.0517769209350572,0.0517769209350572,0.0305297279953158,0.18433008732799724,0.3961600133511473,0.21699853110579698,0.4285841080094182
119,720,0.0517116912419043,0.0517116912419043,0.0517116912419043,0.030483755372963998,0.18351258439621826,0.39483034354078317,0.21610204124786164,0.427176041292751
120,721,0.0515075250676365,0.0515075250676365,0.0515075250676365,0.0302762392454802,0.18425807141395595,0.3958062609913704,0.216883072566327,0.42818722236310086
121,722,0.0525308129277628,0.0525308129277628,0.0525308129277628,0.0312709911666829,0.18367369257975186,0.39450604977621645,0.2161882919946975,0.42677744899244885
122,723,0.0519068031388296,0.0519068031388296,0.0519068031388296,0.0306692836703055,0.18371598787152668,0.39451477454748696,0.21622541200267822,0.4267810383255893
123,724,0.0520030106492082,0.0520030106492082,0.0520030106492082,0.0308692484424684,0.18338530089000185,0.39404071329011214,0.2158726132767322,0.42628502956912107
124,725,0.052093548090925,0.052093548090925,0.052093548090925,0.0309559144336417,0.1833061787984927,0.3935403883771923,0.21572853082593696,0.4257202322827174
125,726,0.0521878762116722,0.0521878762116722,0.0521878762116722,0.0311094027416126,0.18362417337831047,0.3935112140823724,0.21599298357672458,0.4256379198023819
126,727,0.0524286319972061,0.0524286319972061,0.0524286319972061,0.0312878232171902,0.1843162315367467,0.39432528318925586,0.2167038606027547,0.4264706679897798
127,728,0.0526026999743878,0.0526026999743878,0.0526026999743878,0.0314350664796169,0.18374524367651668,0.3933184693724084,0.21606565829672048,0.4253971453785233
128,729,0.0535719637764037,0.0535719637764037,0.0535719637764037,0.0323906188578957,0.1843276937814563,0.39399516778050764,0.21666264444289693,0.4260882632067069
129,730,0.0535428831599833,0.0535428831599833,0.0535428831599833,0.0324486469415411,0.1848093569552638,0.39391776099906245,0.21705808627123757,0.42592527844716205
130,731,0.0541912304718236,0.0541912304718236,0.0541912304718236,0.0331455848609166,0.1845704371840838,0.3940266988329904,0.21687281455837232,0.42608745979335827
131,732,0.0548905091387344,0.0548905091387344,0.0548905091387344,0.0338538058096537,0.18471490399016316,0.39341029094353075,0.21689994049679429,0.42535459100208084
132,733,0.0548065346531695,0.0548065346531695,0.0548065346531695,0.0338817291649628,0.1850119264136934,0.39322908049880373,0.21712321384268857,0.42510018372075986
133,734,0.0559256163071186,0.0559256163071186,0.0559256163071186,0.0350535610271743,0.18568190439983395,0.39385050684932316,0.2177856990748225,0.4257141803491372
134,735,0.0562266753798973,0.0562266753798973,0.0562266753798973,0.0353197575832672,0.18562437441304513,0.39360173459230813,0.2176986834464473,0.4254361293567846
135,736,0.057277267744394,0.057277267744394,0.057277267744394,0.0363661751694119,0.1871807797733876,0.395810024114702,0.21935561710333948,0.4277442042455603
136,737,0.0582381670657398,0.0582381670657398,0.0582381670657398,0.0374126979269506,0.18712423540006734,0.3947757209558775,0.21914827278921006,0.4265602431473672
137,738,0.0592805872857071,0.0592805872857071,0.0592805872857071,0.0384210577242749,0.1878693120361151,0.39538109227970103,0.2198718147049097,0.4271442238090568
138,739,0.0593690294833145,0.0593690294833145,0.0593690294833145,0.0386695737348526,0.18936972356185341,0.3967956634934324,0.22135897910841706,0.4285456585746402
139,740,0.0605071294337194,0.0605071294337194,0.0605071294337194,0.0397267601295711,0.19098504481739653,0.3988618281453228,0.22304383354223317,0.4306808276328449
140,741,0.0623826295663012,0.0623826295663012,0.0623826295663012,0.0416516476949845,0.19067883637606284,0.3975810111640926,0.22258731628830605,0.4292508336960219
141,742,0.0623514854205414,0.0623514854205414,0.0623514854205414,0.0415234580441335,0.19027863377661247,0.3967896390641966,0.2221267956911555,0.4283995823712561
142,743,0.062418946954242,0.062418946954242,0.062418946954242,0.0418015989012299,0.1905236824014832,0.39693561840013747,0.22235656937506837,0.4285303936041449
143,744,0.0627739617407431,0.0627739617407431,0.0627739617407431,0.0420055515162113,0.1910121686886569,0.398023542083174,0.22293749383767328,0.42971007380851134
144,745,0.0632108909606981,0.0632108909606981,0.0632108909606981,0.0425259672375289,0.1907413585376816,0.3984805417274145,0.2227789314247633,0.4302784800155427
145,746,0.0620021052695154,0.0620021052695154,0.0620021052695154,0.0413931157000337,0.1862247892209681,0.39084216858179677,0.21778090750960377,0.4221622650338066
146,747,0.0583246244618164,0.0583246244618164,0.0583246244618164,0.0377586238076847,0.18274774055313409,0.3882571220522308,0.21444143361100634,0.41971374990714216
147,748,0.0557087746795551,0.0557087746795551,0.0557087746795551,0.0350949448060062,0.180618231459178,0.38567806896209805,0.21224259747933602,0.4170658886396522
148,749,0.0531175927450727,0.0531175927450727,0.0531175927450727,0.0325282235020874,0.179971117735811,0.38519286199424024,0.2116204450500481,0.41660546647889607
149,750,0.0513345706110446,0.0513345706110446,0.0513345706110446,0.0307786549861365,0.1794159432680668,0.3854205269097091,0.21118600359356904,0.41695295745666283
150,751,0.0508638435114925,0.0508638435114925,0.0508638435114925,0.0302729285920329,0.17825808175082541,0.3835033075993643,0.20991103531770694,0.41491950531873184
151,752,0.0501666271039213,0.0501666271039213,0.0501666271039213,0.0296142112696179,0.17677827071323599,0.38132891586184714,0.20832410783913174,0.41263878988933406
152,753,0.0504691898841785,0.0504691898841785,0.0504691898841785,0.0299823315857112,0.17698218920305292,0.3819932900566362,0.20859903296631144,0.41337365076039495
153,754,0.0500866909987815,0.0500866909987815,0.0500866909987815,0.0295429364810042,0.1770912307439025,0.3818177465739008,0.20866419108887346,0.4131545440696383
154,755,0.0497914521509299,0.0497914521509299,0.0497914521509299,0.029296016939383995,0.17582370304693726,0.379860677286332,0.2072903225966197,0.411091936306329
155,756,0.0502177969318969,0.0502177969318969,0.0502177969318969,0.0296924835563164,0.17596670672367332,0.3800413625086913,0.20743912972938056,0.4112783863952838
156,757,0.0496015991610328,0.0496015991610328,0.0496015991610328,0.0290231288032155,0.17585912587322158,0.38018684976738043,0.20737057613641713,0.41146261106857984
157,758,0.0496600693895897,0.0496600693895897,0.0496600693895897,0.0291296186152598,0.17543908019873383,0.37943872829182773,0.2068999355856378,0.4106642676786262
158,759,0.0496034769574771,0.0496034769574771,0.0496034769574771,0.0290625101013038,0.17449869724790207,0.3780570774320836,0.20589151005534548,0.4092150739529945
159,760,0.0488766362533775,0.0488766362533775,0.0488766362533775,0.0284120927515871,0.1751872668893599,0.3790067089140145,0.20662033767471655,0.4102046668861916
160,761,0.0496157019528929,0.0496157019528929,0.0496157019528929,0.0291932325257832,0.17573764797216004,0.37909056656144835,0.20709876801788324,0.41021711169958447
161,762,0.0490509800993054,0.0490509800993054,0.0490509800993054,0.0286473320906376,0.17543236477675458,0.37850070083178333,0.20674959161710282,0.40958368225840314
162,763,0.0486469356371813,0.0486469356371813,0.0486469356371813,0.0283262494970512,0.17490313380303754,0.3778874183921479,0.20620740646107458,0.40895754143400526
163,764,0.049293695456649,0.049293695456649,0.049293695456649,0.0288320998221987,0.17385481324287355,0.37658701377688353,0.2051202102662213,0.40761855388219104
164,765,0.0483162452910354,0.0483162452910354,0.0483162452910354,0.027995423375287997,0.1743991073442242,0.37701100865442505,0.2056459480297938,0.4080241335468415
165,766,0.0487720057406951,0.0487720057406951,0.0487720057406951,0.0284405905775559,0.1734454733362216,0.3747435342967947,0.2044896865699818,0.40555556028471335
166,767,0.0487740656843155,0.0487740656843155,0.0487740656843155,0.0285624642860392,0.1738936239838734,0.37594417196739616,0.20505389355814915,0.4068713759226105
167,768,0.0495834846744311,0.0495834846744311,0.0495834846744311,0.0292085384603772,0.17301074037196118,0.3743306324781269,0.2040583245770382,0.40514599657660383
168,769,0.0492142503505924,0.0492142503505924,0.0492142503505924,0.0289236001415128,0.1736461298697774,0.37524268505360303,0.20473638176433748,0.4061003902265559
169,770,0.0480806545235059,0.0480806545235059,0.0480806545235059,0.0279987450067876,0.17299162277815955,0.3738760409287017,0.2039720518167305,0.40462473889350825
170,771,0.0484040499821689,0.0484040499821689,0.0484040499821689,0.0282702842475578,0.17386389369041594,0.37555316681001505,0.2049684445816385,0.4064250687399923
171,772,0.0486009372937439,0.0486009372937439,0.0486009372937439,0.0284563484712042,0.17179075242156772,0.3727307149617001,0.20277974087143658,0.4034879224642649
172,773,0.0485210225811413,0.0485210225811413,0.0485210225811413,0.0283495481818746,0.17179694648146426,0.37205917563458146,0.20268141907009007,0.4027126415333903
173,774,0.0481899768766055,0.0481899768766055,0.0481899768766055,0.0280962933831683,0.17256320953741638,0.3728055175809647,0.2034446111388401,0.4034559400604865
174,775,0.0478121621153781,0.0478121621153781,0.0478121621153781,0.0277671944575025,0.17265079899634353,0.3741108481143658,0.20371999380934133,0.4049476604124113
175,776,0.0482684496887006,0.0482684496887006,0.0482684496887006,0.0282160743325781,0.17241014520017042,0.373575665876244,0.20343392008856825,0.4043673978124957
176,777,0.0477018906873598,0.0477018906873598,0.0477018906873598,0.0277173260753337,0.17193012875355224,0.3723881764377987,0.20284480058070797,0.40307162513485956
177,778,0.0480745883006503,0.0480745883006503,0.0480745883006503,0.0279844727532292,0.16997150133255262,0.36909767566711427,0.2006807685549082,0.39957725408409495
178,779,0.0476132221075754,0.0476132221075754,0.0476132221075754,0.0276385392551774,0.17094603370022643,0.37003974880255247,0.20165029787094269,0.4005143555787776
179,780,0.0481131424498258,0.0481131424498258,0.0481131424498258,0.0281203785097905,0.1709645556497648,0.37011984442377655,0.2016783222655429,0.40060387514545276
180,781,0.0482361762165735,0.0482361762165735,0.0482361762165735,0.0281705169827268,0.1705935634545265,0.36893406195874606,0.2011816694078319,0.399293378244434
181,782,0.0487288952694269,0.0487288952694269,0.0487288952694269,0.0289527642654157,0.17075890045115905,0.36922174338824254,0.2013658712045026,0.39959979041415983
182,783,0.0491103247443704,0.0491103247443704,0.0491103247443704,0.029095258688497994,0.17214296773003962,0.37178561390204234,0.20293188338761725,0.4023442460368631
183,784,0.0477101993081773,0.0477101993081773,0.0477101993081773,0.0278985733233374,0.17057029773964674,0.3688720778683738,0.20115242540355316,0.3992254687034488
184,785,0.048157272338156004,0.048157272338156004,0.048157272338156004,0.0283067786225399,0.17204827262439915,0.3709357133421101,0.20272072946235042,0.40137874566943754
185,786,0.0485381863598841,0.0485381863598841,0.0485381863598841,0.0286680058714839,0.17045780251712705,0.3684148741416679,0.20098677014531582,0.39871549285549707
186,787,0.0479013216676101,0.0479013216676101,0.0479013216676101,0.0279842857639688,0.17038226182813657,0.36881419387284586,0.2009844707307629,0.3991874991385356
187,788,0.0481660090014812,0.0481660090014812,0.0481660090014812,0.0282540066944611,0.1710041252715176,0.3690771798383655,0.20155097928262508,0.39939555269064053
188,789,0.0473892150661382,0.0473892150661382,0.0473892150661382,0.0274017945285407,0.1699882249990058,0.36667966157231946,0.20032200828416646,0.3967865516781727
189,790,0.0474087362186338,0.0474087362186338,0.0474087362186338,0.0275163353342421,0.16995486002597593,0.367962856134618,0.2004916818032867,0.3982712824143326
190,791,0.0480749056853134,0.0480749056853134,0.0480749056853134,0.0282035820834557,0.16912256140442689,0.3659056890336951,0.1994704854221368,0.3960266153206454
191,792,0.0469000792409192,0.0469000792409192,0.0469000792409192,0.027176969973684,0.1716410014718487,0.37042217509038794,0.2022970667014754,0.40084894300290336
192,793,0.0476413307504841,0.0476413307504841,0.0476413307504841,0.0279285478851766,0.17012367885478208,0.36680135435320316,0.2004553376747745,0.3969061463705023
193,794,0.0482513717117306,0.0482513717117306,0.0482513717117306,0.0284883081957357,0.16947506734951584,0.36521481338586104,0.1996620801894367,0.3951760466463531
194,795,0.0484988776738313,0.0484988776738313,0.0484988776738313,0.0288029788859787,0.16960788638472651,0.36629989848912364,0.19994176557921062,0.3964068852643294
195,796,0.0491253916557028,0.0491253916557028,0.0491253916557028,0.029404666295465,0.16842890406068925,0.3647653751743455,0.19870794266482172,0.39481794314693536
196,797,0.0504589470300564,0.0504589470300564,0.0504589470300564,0.0304930791083076,0.16789633089467487,0.3635334268502413,0.1980675080076835,0.39347893415376917
197,798,0.0497795336917119,0.0497795336917119,0.0497795336917119,0.0299816422252384,0.16874961149698595,0.3650740131064386,0.19902679476757942,0.39512473240171264
198,799,0.048120332766806995,0.048120332766806995,0.048120332766806995,0.0283544021313639,0.17083827712196892,0.3676345379410323,0.20118822423272756,0.39775748168551395
199,800,0.0480760218221736,0.0480760218221736,0.0480760218221736,0.0281638131479291,0.16856486693430398,0.36380223717678306,0.19867441065911934,0.39368656819656445
200,801,0.0489082437710276,0.0489082437710276,0.0489082437710276,0.0292516370664022,0.16952861975612254,0.3642331269190821,0.1995559819107193,0.3940358952967391
201,802,0.047426973230565,0.047426973230565,0.047426973230565,0.0280254055248415,0.16803690915754635,0.3617862258034962,0.1979169628526558,0.39144277979752873
202,803,0.0489403276704667,0.0489403276704667,0.0489403276704667,0.029369389783435004,0.17017001768961898,0.3659291016369481,0.20036001085300573,0.39589329119652117
203,804,0.0497632611476644,0.0497632611476644,0.0497632611476644,0.0301815917105441,0.17064776502957205,0.3668811013515859,0.20091090024960534,0.3969178835016164
204,805,0.0502943285190544,0.0502943285190544,0.0502943285190544,0.0309077380640953,0.17017539685341312,0.3660008231759172,0.2003756265570562,0.3959751625709461
205,806,0.0495887266018955,0.0495887266018955,0.0495887266018955,0.0301590287744164,0.1701603233223447,0.36500676754746353,0.20020956915104457,0.3948312485852993
206,807,0.0511964543818841,0.0511964543818841,0.0511964543818841,0.031812206807379,0.16906454113567923,0.36255543180268945,0.19890474208590692,0.39217243848543976
207,808,0.0509459583827807,0.0509459583827807,0.0509459583827807,0.0313425814609848,0.1679797576419045,0.3612758045350462,0.19778990598384502,0.39086298093506305
208,809,0.0512651245636024,0.0512651245636024,0.0512651245636024,0.0319364772078987,0.17171238868005223,0.36691398712421336,0.20181641463048489,0.3967928478141664
209,810,0.0506672697845524,0.0506672697845524,0.0506672697845524,0.0314354625992585,0.16834009700341077,0.36012743685560367,0.197917565871603,0.3894836837572813
210,811,0.0499265586913772,0.0499265586913772,0.0499265586913772,0.0306421268944325,0.16812475692177847,0.3614063250987403,0.19793267692991368,0.39099127703578485
211,812,0.051225642909473006,0.051225642909473006,0.051225642909473006,0.0318039627228285,0.16766338824466345,0.3612325164871707,0.1975156480433008,0.39086149730886954
212,813,0.0495214606181342,0.0495214606181342,0.0495214606181342,0.0300478645634112,0.16915758517868024,0.362547684633825,0.19898223393214004,0.39214925331113026
213,814,0.0508203376593298,0.0508203376593298,0.0508203376593298,0.0315827012866257,0.16724208138677843,0.3599284752712762,0.1969582068992387,0.38942233541944027
214,815,0.0499358015398195,0.0499358015398195,0.0499358015398195,0.0306910979000618,0.16894435411375777,0.3622883135885998,0.1987618945661519,0.391882824808134
215,816,0.04859566726453501,0.04859566726453501,0.04859566726453501,0.0292829168044932,0.16748858622331791,0.3608138445060395,0.19730324421568604,0.390405491972812
216,817,0.0494832054586717,0.0494832054586717,0.0494832054586717,0.030267909958772998,0.16733172795267082,0.36121554366814,0.19723252125680404,0.39089269256612424
217,818,0.0485661243408436,0.0485661243408436,0.0485661243408436,0.0293294373573441,0.1651449822197173,0.35707868094742606,0.1947450262372821,0.3864573317292982
218,819,0.0468067493108299,0.0468067493108299,0.0468067493108299,0.0274976540630971,0.16502360318499132,0.35723913990748446,0.19466710898948703,0.38666093112057826
219,820,0.0477536639921826,0.0477536639921826,0.0477536639921826,0.0285363537711615,0.16691307301862335,0.3600620560061821,0.19670054255340327,0.38962672018527644
220,821,0.0479891831122805,0.0479891831122805,0.0479891831122805,0.0287267353826841,0.16528231953698955,0.35816770545173565,0.1950291352029987,0.3876920241582078
221,822,0.0473507608929098,0.0473507608929098,0.0473507608929098,0.0280865347481132,0.16489735749950063,0.3567938319088853,0.19449166478616275,0.3861667764647916
222,823,0.0478067302513812,0.0478067302513812,0.0478067302513812,0.0285333753535517,0.16434784448841883,0.35585829550131665,0.19388261305529522,0.3851721534398179
223,824,0.04763849652293,0.04763849652293,0.04763849652293,0.0282631966630937,0.16420473462805218,0.3547923059717892,0.19359718188208203,0.38396490282209045
224,825,0.046684178407213,0.046684178407213,0.046684178407213,0.027411634762512002,0.16435089314234902,0.3552777655801669,0.19379565798467435,0.3845022984038438
225,826,0.0467557416453519,0.0467557416453519,0.0467557416453519,0.0274533479172416,0.16313779303651865,0.3540551444611558,0.19258109331031803,0.38327822443061926
226,827,0.0468350078765471,0.0468350078765471,0.0468350078765471,0.0276160517163497,0.16386106910947795,0.3547576517722273,0.19330116985449244,0.3839775516453037
227,828,0.0475128564921613,0.0475128564921613,0.0475128564921613,0.0283183341896216,0.16365227055194326,0.35452825654850373,0.193089200628138,0.3837449963647368
228,829,0.0472634617557572,0.0472634617557572,0.0472634617557572,0.0281081816360904,0.1640766910576895,0.3544431103470336,0.19343502744043659,0.3835818571163877
229,830,0.0464762007700345,0.0464762007700345,0.0464762007700345,0.0272917925013308,0.162770648127877,0.3524707780333549,0.19202623347591333,0.38150754106864915
230,831,0.0464661971831811,0.0464661971831811,0.0464661971831811,0.0273331177730259,0.16252785767479322,0.352504212097389,0.19182604322836178,0.3815832526467703
231,832,0.0473756885248611,0.0473756885248611,0.0473756885248611,0.0281454191646755,0.16228740589591845,0.3517950862115058,0.19151330828758167,0.38080239037025176
232,833,0.0475870810143516,0.0475870810143516,0.0475870810143516,0.028513205781791,0.16262276452057192,0.35228990416978967,0.19187326357928539,0.3813216158447251
233,834,0.0473861459601091,0.0473861459601091,0.0473861459601091,0.0282630458912066,0.16317146482721842,0.3525504539372961,0.19237752535089692,0.3815380616485428
234,835,0.047171820942701,0.047171820942701,0.047171820942701,0.0281922636178404,0.16279836294540345,0.3519730356618005,0.1919729073551228,0.38092937362129903
235,836,0.0469769112138938,0.0469769112138938,0.0469769112138938,0.0279273604373997,0.16297487607278213,0.35144019358096823,0.19204003098500244,0.3802879471393551
236,837,0.04749863281542201,0.04749863281542201,0.04749863281542201,0.0284624958252035,0.1612741088784755,0.3488442027458901,0.19020119929269486,0.37755492069059343
237,838,0.0476261719539199,0.0476261719539199,0.0476261719539199,0.028434601202046002,0.16336065792083324,0.35257931359977485,0.1925419906095879,0.3815423805783801
238,839,0.0472378566696592,0.0472378566696592,0.0472378566696592,0.028241075126473995,0.1634102504595417,0.35330475756998575,0.1926958133936761,0.38237127791122283
239,840,0.0476435989777793,0.0476435989777793,0.0476435989777793,0.028473011011821,0.16368651955337263,0.35152072529609085,0.19265433858602132,0.3802718757523881
240,841,0.0482305849567363,0.0482305849567363,0.0482305849567363,0.0292638594400594,0.16385333844873484,0.35255870061476874,0.19295550192144717,0.38144320153528194
241,842,0.0484709668222872,0.0484709668222872,0.0484709668222872,0.0295335641180348,0.16322463838941123,0.35112194777667227,0.19220218755238122,0.3798827587444703
242,843,0.0490903994943383,0.0490903994943383,0.0490903994943383,0.0300508430978711,0.1652494130792908,0.35420084443988636,0.19438953479952392,0.3831230057095678
243,844,0.0495327110862398,0.0495327110862398,0.0495327110862398,0.0304453351419257,0.16226160810743656,0.34857102125849526,0.19099427607680186,0.3770887727314105
244,845,0.0505177196570532,0.0505177196570532,0.0505177196570532,0.0315377167633814,0.16381271360825111,0.3500594187118688,0.19253571374332587,0.3785675756610851
245,846,0.04943849361094099,0.04943849361094099,0.04943849361094099,0.0305399878945327,0.16567193184237294,0.35411365181322874,0.19473344340590132,0.3829577880344001
246,847,0.0499054658266525,0.0499054658266525,0.0499054658266525,0.0312016274359417,0.16385730367560708,0.3505000584849035,0.19264137474792362,0.37906884325589313
247,848,0.0493643147246485,0.0493643147246485,0.0493643147246485,0.0304063101342906,0.16335423090706336,0.3497439536210622,0.19209928502673418,0.3782740058997853
248,849,0.0512855537646677,0.0512855537646677,0.0512855537646677,0.0325161167206933,0.16503241252794326,0.3521421955188139,0.19388851216133174,0.3807824600532319
249,850,0.0501682198949953,0.0501682198949953,0.0501682198949953,0.0314166817339498,0.1647154588345714,0.3510747289272377,0.19345581092098357,0.37960011786427056
250,851,0.0520668481068192,0.0520668481068192,0.0520668481068192,0.0331512574669333,0.16587069989997605,0.3526045178637927,0.19466881679605147,0.38118723058760606
251,852,0.0503979437476459,0.0503979437476459,0.0503979437476459,0.0316183013995984,0.16521877775333507,0.3514758102542258,0.19394336212240545,0.3799855444950009
252,853,0.0503512467614684,0.0503512467614684,0.0503512467614684,0.0314820106045212,0.1669414801637526,0.3532853369055273,0.19567946239549383,0.38180836750426833
253,854,0.0516086622828804,0.0516086622828804,0.0516086622828804,0.0327553730103088,0.16699335178819835,0.3546496857533341,0.19593374191951507,0.3833736153927628
254,855,0.0524508174547901,0.0524508174547901,0.0524508174547901,0.0335233850867026,0.16568317301208033,0.3520115652673961,0.19441876417117193,0.38053223150123927
255,856,0.0518948570914601,0.0518948570914601,0.0518948570914601,0.0331264033061202,0.1660010918610012,0.3524998714544464,0.19476296445894165,0.38104660732857737
256,857,0.0496343745482375,0.0496343745482375,0.0496343745482375,0.0310295693609036,0.16367587264300826,0.3486140158183949,0.19219706173634274,0.3769218806587355
257,858,0.0508145710628884,0.0508145710628884,0.0508145710628884,0.0322998435027983,0.16237746633978029,0.34684956149538676,0.1908267821955557,0.3750860874625877
258,859,0.0508883714901565,0.0508883714901565,0.0508883714901565,0.0323252065352501,0.16232711928629084,0.3452083213202085,0.1905310900775621,0.3732013372162468
259,860,0.0497114184694562,0.0497114184694562,0.0497114184694562,0.0311096795662395,0.16072721550430885,0.3443856354065177,0.1890510517210374,0.37249760711742047
260,861,0.0502584266228567,0.0502584266228567,0.0502584266228567,0.0316919116869643,0.16306689182880119,0.3488242722008261,0.19171442503761185,0.37725752920965644
261,862,0.0491085643863571,0.0491085643863571,0.0491085643863571,0.0304720572005194,0.16061841454174938,0.3434418917599836,0.1888134764017849,0.371426066130628
262,863,0.0489285819407515,0.0489285819407515,0.0489285819407515,0.0303887877458161,0.16250059590901023,0.3463053819905945,0.19084700193054022,0.37443976798559697
263,864,0.0481338849905551,0.0481338849905551,0.0481338849905551,0.0295559994311462,0.16178762802874888,0.3452742260493312,0.19008495691303423,0.37335990460303814
264,865,0.0491432287972335,0.0491432287972335,0.0491432287972335,0.0305676544603588,0.16264886052677335,0.34749005086679874,0.1911550998423353,0.375783062452641
265,866,0.0501113156019657,0.0501113156019657,0.0501113156019657,0.0316434069722478,0.16140927091504587,0.3445909796274762,0.1896595862885035,0.37262998841730544
266,867,0.0503617717216515,0.0503617717216515,0.0503617717216515,0.0320154536057903,0.16140701271254176,0.3445316185173883,0.18964851739426197,0.3725618813999782
267,868,0.0503833104300503,0.0503833104300503,0.0503833104300503,0.0320111465486534,0.16113684570228248,0.343774559759838,0.18930327079720352,0.371730300513741
268,869,0.0499608580252565,0.0499608580252565,0.0499608580252565,0.0315667670077512,0.16236640993438056,0.3454685488409998,0.1906044496078103,0.37349537616526574
269,870,0.0518967129436113,0.0518967129436113,0.0518967129436113,0.0336276114478069,0.15948866370049875,0.3397785279958976,0.1872929925625747,0.3673748906278681
270,871,0.0519392347351434,0.0519392347351434,0.0519392347351434,0.0335147971501923,0.16359838815254268,0.34542137383319294,0.19163916476960405,0.37325240788785796
271,872,0.0511847572688979,0.0511847572688979,0.0511847572688979,0.0328396451733559,0.16478640678483336,0.34795903417039536,0.1930353157769793,0.3759966515268481
272,873,0.0528051799667717,0.0528051799667717,0.0528051799667717,0.0343247003936633,0.16576295323639464,0.3494084121363128,0.19408478738669102,0.37751841531037456
273,874,0.0530652861938203,0.0530652861938203,0.0530652861938203,0.0347136063573501,0.16413803403299476,0.344897719689256,0.19201482537618003,0.3725660038347598
274,875,0.0551083320694805,0.0551083320694805,0.0551083320694805,0.036875188153964,0.16718970076694234,0.3491342532407461,0.19524922258362967,0.3769838977063238
275,876,0.0559508942621657,0.0559508942621657,0.0559508942621657,0.0377040360625913,0.16923521018481508,0.3514984653803702,0.19734387470846632,0.3793968808229045
276,877,0.0568353748276856,0.0568353748276856,0.0568353748276856,0.0382169902331695,0.16972670311148327,0.3513019890010616,0.1977292798924163,0.37909510664690127
277,878,0.0604557479553745,0.0604557479553745,0.0604557479553745,0.0422158475278539,0.17191169859555364,0.35325623736229617,0.19987868758394547,0.3810140394541671
278,879,0.0606075887283934,0.0606075887283934,0.0606075887283934,0.0423920159454522,0.17208552383971765,0.3539407713917121,0.20013126881297802,0.3817767338896932
279,880,0.0596359772466297,0.0596359772466297,0.0596359772466297,0.0413811623792732,0.17065055891625364,0.3511417610757355,0.1984859442800303,0.37876893785859633
280,881,0.0591611892651139,0.0591611892651139,0.0591611892651139,0.0409544252882514,0.1705074911632073,0.3517049314176478,0.19845179580795091,0.3794402170840204
281,882,0.0587431179782961,0.0587431179782961,0.0587431179782961,0.0405448009478961,0.17003928370383875,0.3511525151536288,0.19797059725983082,0.37887491050103683
282,883,0.0573445784632429,0.0573445784632429,0.0573445784632429,0.0390642420942938,0.1695589617076834,0.34939280146525853,0.19729297168684068,0.37691936641598117
283,884,0.056456736303744,0.056456736303744,0.056456736303744,0.038263821750369,0.1688026277650154,0.3486798630505804,0.19654332324868543,0.37621307312554086
284,885,0.0562063477309403,0.0562063477309403,0.0562063477309403,0.0379795087602741,0.16975793019843355,0.3494678816291305,0.19747282939919486,0.3769754820802481
285,886,0.057256959225413,0.057256959225413,0.057256959225413,0.0389786885281555,0.170173337557437,0.3495489399095396,0.19783667228116886,0.3770053576210672
286,887,0.0571910750629115,0.0571910750629115,0.0571910750629115,0.0389950056741279,0.1720654755731549,0.3512848890277761,0.19970471727896674,0.3787174005613831
287,888,0.0571092973541841,0.0571092973541841,0.0571092973541841,0.0388258322512006,0.17290484394047434,0.35156735027307645,0.20045820341656032,0.37891461974916246
288,889,0.0585269138394047,0.0585269138394047,0.0585269138394047,0.0404801366717734,0.1756691226685779,0.3543312362788852,0.20322242604147892,0.3816784496517862
289,890,0.0607979431329871,0.0607979431329871,0.0607979431329871,0.042610289623492004,0.17847395232079813,0.35822268058781725,0.20619483207134204,0.3857362074505578
290,891,0.062955519223147,0.062955519223147,0.062955519223147,0.044952146914024,0.1794465844420118,0.3578492508030622,0.2069598773662465,0.3851567445350238
291,892,0.0647901392052069,0.0647901392052069,0.0647901392052069,0.0467488983867035,0.18512074059591183,0.3642140531639183,0.21274054440784135,0.3916272659031025
292,893,0.0682197399150506,0.0682197399150506,0.0682197399150506,0.0502256182066078,0.1876839915682902,0.36732298465503843,0.21538794513417864,0.394819719444606
293,894,0.0735438573468278,0.0735438573468278,0.0735438573468278,0.0554161030324942,0.1911958184332762,0.36976403957730075,0.21873463775992025,0.3970968691443316
294,895,0.0764564636085294,0.0764564636085294,0.0764564636085294,0.0585456418292606,0.19374518446759206,0.37208068943205164,0.22124810753218294,0.39937790405569745
295,896,0.0805066891437987,0.0805066891437987,0.0805066891437987,0.0625139644938015,0.19691226865239286,0.3741910426851933,0.22425223618360446,0.4013265102341661
296,897,0.0859296706389973,0.0859296706389973,0.0859296706389973,0.0678172713826583,0.200505446810514,0.3777757819661301,0.2278441095542633,0.4049099541146007
297,898,0.09046396163302,0.09046396163302,0.09046396163302,0.07252773070242999,0.20690764771710693,0.3855177856216554,0.2344529263854422,0.4128570374554834
298,899,0.0966704424044684,0.0966704424044684,0.0966704424044684,0.0788438798095392,0.21228728995246335,0.39033789327613433,0.23974627967497264,0.41759150445869886
299,900,0.10213345515044502,0.10213345515044502,0.10213345515044502,0.0841096855905964,0.2178114922358793,0.3956462190206612,0.24523719114332793,0.42286678260091326
300,901,0.109611115537054,0.109611115537054,0.109611115537054,0.0918153552068968,0.2262628148253728,0.40458156561092834,0.25376315404664185,0.431876223998675
301,902,0.118872605096596,0.118872605096596,0.118872605096596,0.100789543643489,0.23474280711153755,0.4115349995740953,0.26200773490542806,0.4385959888573812
302,903,0.129958684730609,0.129958684730609,0.129958684730609,0.11217013539547,0.24765598461909027,0.42541636107200453,0.2750702164766045,0.452625543511574
303,904,0.14211740069101902,0.14211740069101902,0.14211740069101902,0.12418941257894801,0.2585734101506764,0.4363002860507439,0.2859824797706932,0.4635043388940464
304,905,0.15650059347069298,0.15650059347069298,0.15650059347069298,0.13855429919428197,0.2695847947033136,0.4468642816585574,0.29692486417895964,0.47399985265958444
305,906,0.168064179004995,0.168064179004995,0.168064179004995,0.150270357762816,0.28183173066663764,0.45853043990733544,0.3090822337398871,0.4855771097374897
306,907,0.184192982741137,0.184192982741137,0.184192982741137,0.16641713559343,0.2965864432481236,0.4752801255088468,0.32414460972086123,0.5026321665442876
307,908,0.200893450364195,0.200893450364195,0.200893450364195,0.18322009644620396,0.30520236251238525,0.48345745352564773,0.33269289701872806,0.5107423595396177
308,909,0.21093582749502598,0.21093582749502598,0.21093582749502598,0.193345126369352,0.30171918590124197,0.47942388521210455,0.3291248355813753,0.5066245484652915
309,910,0.20387390291482899,0.20387390291482899,0.20387390291482899,0.186064768292534,0.2801129406309615,0.4566609790132537,0.3073402054056621,0.4836845985427265
310,911,0.17566399167040697,0.17566399167040697,0.17566399167040697,0.15774381689703199,0.2548753973232009,0.4304161729030384,0.2819473239074492,0.457285611317068
311,912,0.145358785816659,0.145358785816659,0.145358785816659,0.12758177777000398,0.2345465635614732,0.41130245043903696,0.2618058871842127,0.4383578768201643
312,913,0.116989349632986,0.116989349632986,0.116989349632986,0.0991815985526696,0.21612461050224752,0.3923527624364993,0.24330254767879816,0.4193274073031824
313,914,0.0996120420168411,0.0996120420168411,0.0996120420168411,0.0818682826575113,0.2037042172124175,0.3785499999320799,0.2306689579234365,0.40531304811134494
314,915,0.0917533048528797,0.0917533048528797,0.0917533048528797,0.0740570453065054,0.19679094206815262,0.3721434932191159,0.22383384240294055,0.39898412232371366
315,916,0.0888506040247836,0.0888506040247836,0.0888506040247836,0.0710870786620354,0.1929581945726118,0.3683348052828767,0.2200048000226762,0.3951791110747565
316,917,0.086284422603322,0.086284422603322,0.086284422603322,0.0686770921606125,0.1905887660668817,0.36578014547198867,0.2176068090819476,0.39259610746579066
317,918,0.0838295146734561,0.0838295146734561,0.0838295146734561,0.0662089014840232,0.18675656634604185,0.3615786741920963,0.21371766331772954,0.3883381156679374
318,919,0.0796779528294718,0.0796779528294718,0.0796779528294718,0.0620418119050063,0.18186430461583264,0.3579280432316145,0.20901688672908192,0.3848775273282501
319,920,0.07470931680844702,0.07470931680844702,0.07470931680844702,0.0570546846697607,0.17636502527890482,0.35136937223151504,0.20335422944187354,0.3781566984193032
320,921,0.069181101426687,0.069181101426687,0.069181101426687,0.0515482326082593,0.17252113137798789,0.3474733128751878,0.19950228889358224,0.37425264941664566
321,922,0.0632485871952598,0.0632485871952598,0.0632485871952598,0.0456434324645455,0.1667816505218263,0.340609368372658,0.193589393530323,0.3672165859734105
322,923,0.0596677707471045,0.0596677707471045,0.0596677707471045,0.0420930023405282,0.16207272249113108,0.33611694340641435,0.18891385188755103,0.36275730045207666
323,924,0.0549828151717962,0.0549828151717962,0.0549828151717962,0.0373330693875849,0.15915735051249022,0.33339435458981703,0.18602821277740222,0.36006422567005925
324,925,0.0532782105666342,0.0532782105666342,0.0532782105666342,0.0356803333605371,0.15795751132446692,0.33254290149789945,0.1848820984487478,0.3592660997818623
325,926,0.0501863570575522,0.0501863570575522,0.0501863570575522,0.0327421714555692,0.15615629039599488,0.33072369940812246,0.1830780965355824,0.3574441452791526
326,927,0.0477661529137321,0.0477661529137321,0.0477661529137321,0.030271506256361,0.15371609407168696,0.32661327345752894,0.18038032005300197,0.353078065288115
327,928,0.0472915174927983,0.0472915174927983,0.0472915174927983,0.0297730304526849,0.15383138598421314,0.3273634981338511,0.18059352997892142,0.353925479433967
328,929,0.0467361677319747,0.0467361677319747,0.0467361677319747,0.029209750473842,0.1519780431521346,0.32486719657743324,0.17864103413525856,0.35133075940337993
329,930,0.0465388194851013,0.0465388194851013,0.0465388194851013,0.029126762112342004,0.15237741887401393,0.3258610104587252,0.17913208737285452,0.3524155696161582
330,931,0.0471926911883766,0.0471926911883766,0.0471926911883766,0.0298290215499122,0.15248178915350197,0.3256697651812601,0.17919086010077284,0.3521790690466362
331,932,0.0455408085616769,0.0455408085616769,0.0455408085616769,0.0281500815656646,0.1518842337020052,0.32560967714067196,0.1786761992016919,0.3522012449636668
332,933,0.0453162701340438,0.0453162701340438,0.0453162701340438,0.0276830671932856,0.1525720651625856,0.3256253104488642,0.17926035778820892,0.35211398607095545
333,934,0.0450953426865558,0.0450953426865558,0.0450953426865558,0.0276954913049907,0.1526889967786982,0.32672619298809524,0.17952904245818344,0.3533654777884341
334,935,0.0450221484558067,0.0450221484558067,0.0450221484558067,0.0277105969048012,0.15027616303759117,0.3221985112432554,0.1767900502698903,0.34851408739726136
335,936,0.0437955438720475,0.0437955438720475,0.0437955438720475,0.0266707015172401,0.1505956487735746,0.3233198975178143,0.17723321022146749,0.3497582117767607
336,937,0.0439082851910862,0.0439082851910862,0.0439082851910862,0.0266396934119677,0.1511697098038483,0.3242330023002845,0.1778595538288752,0.350723216965868
337,938,0.0446068951823959,0.0446068951823959,0.0446068951823959,0.0272297615947478,0.1503830400585919,0.3228373718081001,0.1769789736815034,0.34923437575102867
338,939,0.044066427314382,0.044066427314382,0.044066427314382,0.0266888711086523,0.14994752110410184,0.32245279827039897,0.17655131660523338,0.3488576026424353
339,940,0.0457305626761654,0.0457305626761654,0.0457305626761654,0.0283688560306913,0.14973305629052652,0.32073323296706974,0.17610473322804635,0.34690765827326886
340,941,0.0446777758337147,0.0446777758337147,0.0446777758337147,0.0273454368291882,0.1507421324848612,0.32222245270620836,0.17718785711320284,0.3484703688814911
341,942,0.0449767848678596,0.0449767848678596,0.0449767848678596,0.0276976590320661,0.14972219616702437,0.3204280968729827,0.17604848818580338,0.34655747787932484
342,943,0.0453801399899732,0.0453801399899732,0.0453801399899732,0.0281531304542537,0.15126916041448574,0.3236800819081963,0.1778584006177804,0.35007044105452434
343,944,0.0431226307668693,0.0431226307668693,0.0431226307668693,0.0258353000364228,0.14998630635411125,0.3207136441566282,0.17631589683404641,0.3468463055439652
344,945,0.0447951128766671,0.0447951128766671,0.0447951128766671,0.0274795261627751,0.15078542114044946,0.321202495365998,0.17706717124635157,0.34728765763968183
345,946,0.0449541169397621,0.0449541169397621,0.0449541169397621,0.0277959617688838,0.15083076973095894,0.32163611680067045,0.1771724043801891,0.34778072150282135
346,947,0.0430688287168632,0.0430688287168632,0.0430688287168632,0.0260005670725795,0.15001484445686575,0.3204045863621743,0.17629238204301273,0.34648556594054947
347,948,0.0452284294064891,0.0452284294064891,0.0452284294064891,0.0279991426035002,0.14969629034593146,0.32003788887368106,0.17596640327932578,0.3461115086417535
348,949,0.0450515071285686,0.0450515071285686,0.0450515071285686,0.028066401811721,0.150601552546428,0.3202965279458252,0.17677193665095378,0.3462711665922766
349,950,0.0451667610926148,0.0451667610926148,0.0451667610926148,0.0279301479451641,0.15036291059426315,0.3201822813456656,0.17655247843072086,0.3461759591184985
350,951,0.0455605715127508,0.0455605715127508,0.0455605715127508,0.0284008630993069,0.1500266592408746,0.3198922264263487,0.1762233602082932,0.34589297941568264
351,952,0.0449136288428091,0.0449136288428091,0.0449136288428091,0.0278491747652044,0.1508290261960083,0.3211936513528812,0.1771026843604108,0.3472707860756532
352,953,0.0441997574370605,0.0441997574370605,0.0441997574370605,0.0271053534500926,0.15024901989533362,0.31855127193485794,0.17620462179738772,0.3443127331511633
353,954,0.0449345311751219,0.0449345311751219,0.0449345311751219,0.0279493450750387,0.14999992934412668,0.3197614372656296,0.1761805780092701,0.34574625338216913
354,955,0.0438247241685049,0.0438247241685049,0.0438247241685049,0.0269024448568456,0.15024282045865814,0.31992025422171655,0.17641050123706303,0.34589220945840615
355,956,0.0454140644720889,0.0454140644720889,0.0454140644720889,0.0283518134095417,0.14903810257565608,0.3185002928110748,0.17517259568511442,0.34443929793010875
356,957,0.0441805546619765,0.0441805546619765,0.0441805546619765,0.0271478317667315,0.15025636900135406,0.3196830610424701,0.1763853814381422,0.3456166380091416
357,958,0.0451018348483384,0.0451018348483384,0.0451018348483384,0.0279257198669207,0.14901737624432213,0.31778725494919163,0.17504509079896755,0.3436202897711481
358,959,0.0443831440216273,0.0443831440216273,0.0443831440216273,0.0275488378858308,0.14935882414628798,0.3188438088260933,0.1754968278418958,0.3447863099471776
359,960,0.0436670626735009,0.0436670626735009,0.0436670626735009,0.0266441680173179,0.14874938692433048,0.3164052226303735,0.17460529917506334,0.342067742919246
360,961,0.0428675722340927,0.0428675722340927,0.0428675722340927,0.025642594119427004,0.14806430408422655,0.31593051488381674,0.1739526563416954,0.34162523394304767
361,962,0.0445128469495214,0.0445128469495214,0.0445128469495214,0.0277656354267737,0.14882547252984024,0.3175449777834583,0.17484542504724684,0.34337029689403986
362,963,0.0438788212566837,0.0438788212566837,0.0438788212566837,0.0268356308065916,0.14967635551655165,0.31763083206984855,0.1755783246161351,0.3433390588494239
363,964,0.0439876444827105,0.0439876444827105,0.0439876444827105,0.0270507733289522,0.14938035848601883,0.31904875451912806,0.17554664108215517,0.34501933138743995
364,965,0.0423831856110346,0.0423831856110346,0.0423831856110346,0.0255454630378661,0.14780217646324773,0.3155877945560719,0.17367810161549901,0.3412701705649258
365,966,0.0421365839532241,0.0421365839532241,0.0421365839532241,0.0251099145420035,0.14768325687350922,0.31569159376368483,0.17359353101676722,0.34140807263324724
366,967,0.042771689698305,0.042771689698305,0.042771689698305,0.0257070505859657,0.14682562141824085,0.3143582331642591,0.1726625302976239,0.3400018920917912
367,968,0.0419951084465745,0.0419951084465745,0.0419951084465745,0.025157132711029997,0.14572484714418468,0.31253527851878427,0.17145038101655044,0.338068385489546
368,969,0.042208598585275,0.042208598585275,0.042208598585275,0.0252070891492719,0.14493460521537918,0.3104542114699685,0.17046106045018286,0.33578973904030424
369,970,0.043564626751993,0.043564626751993,0.043564626751993,0.0264214364211667,0.14624376937701186,0.31295924503782513,0.17195466231009615,0.33847782187003467
370,971,0.0436674074215266,0.0436674074215266,0.0436674074215266,0.0268416382956923,0.14489907780393457,0.3097068570920787,0.17031575691607057,0.3349334348804974
371,972,0.0411760922882435,0.0411760922882435,0.0411760922882435,0.0243825591320669,0.14728967502647664,0.3143316725682152,0.17305091912714565,0.33990022742118203
372,973,0.0424765945111542,0.0424765945111542,0.0424765945111542,0.0256246997602389,0.1469963460294482,0.3135165649207203,0.1726771203350595,0.33900525361234923
373,974,0.0425748056767273,0.0425748056767273,0.0425748056767273,0.0259777593763512,0.1477750938484117,0.31488824726137,0.17354731395396758,0.3404676933560294
374,975,0.0415512206790467,0.0415512206790467,0.0415512206790467,0.0249522910808327,0.1438164849905091,0.3079771030738836,0.16913336606775783,0.33310461693741644
375,976,0.0439311257979666,0.0439311257979666,0.0439311257979666,0.0271551459838261,0.14622902502153537,0.31115266160321875,0.17166358030488366,0.33639697048829487
376,977,0.0431086563251349,0.0431086563251349,0.0431086563251349,0.0266078443852776,0.14630150206926612,0.3130479695988541,0.17201717422799898,0.33857129339465025
377,978,0.04339743945177,0.04339743945177,0.04339743945177,0.0266735318917924,0.14645769835504996,0.3118428798283733,0.1719634232632255,0.3371578341138725
378,979,0.0430691893481281,0.0430691893481281,0.0430691893481281,0.026503948707009,0.14766272333842165,0.31409257565045123,0.17332956208775438,0.3395674340418874
379,980,0.0431293687853487,0.0431293687853487,0.0431293687853487,0.0264134937711784,0.1465779097473417,0.31190595488266154,0.17207482376182093,0.3372121680072411
380,981,0.0436074682494562,0.0436074682494562,0.0436074682494562,0.0269400771122091,0.1462110949229244,0.31035276475176454,0.17152504821812004,0.3354773722160232
381,982,0.0430800713907758,0.0430800713907758,0.0430800713907758,0.0265540949037319,0.1473406763058723,0.31226368301787644,0.17277512355573374,0.3375078955349673
382,983,0.0440830806740585,0.0440830806740585,0.0440830806740585,0.0274316124126688,0.14921312987352758,0.3142181937998352,0.17466023456484314,0.339474967553568
383,984,0.045452951165808005,0.045452951165808005,0.045452951165808005,0.0289380589066625,0.14495807918097847,0.3070314298689842,0.1699530602118408,0.3318394433044109
384,985,0.0456641813434561,0.0456641813434561,0.0456641813434561,0.0292386793837821,0.14914805165280925,0.3126430702035165,0.17436227547329705,0.33766870433091284
385,986,0.0442324442083924,0.0442324442083924,0.0442324442083924,0.0276031797642415,0.14920539413150916,0.3124755556295243,0.174384936989864,0.3374667683743105
386,987,0.0488664343660834,0.0488664343660834,0.0488664343660834,0.032324296483225,0.15054741296752766,0.3136097001334129,0.17569491028616607,0.33856909627773984
387,988,0.049778806646779,0.049778806646779,0.049778806646779,0.0332917299321635,0.1516853531534006,0.3142544442171291,0.17675677839236406,0.33913834739380944
388,989,0.0509934377681232,0.0509934377681232,0.0509934377681232,0.0345269792507629,0.15685918531713597,0.32349552169285123,0.18255787056622724,0.34900198775086516
389,990,0.0493813924167977,0.0493813924167977,0.0493813924167977,0.0326589806253664,0.15545806192360342,0.3168891547913408,0.1803539859560681,0.34159886825494823
390,991,0.0512510296256207,0.0512510296256207,0.0512510296256207,0.0349311763344396,0.15807682178000387,0.3216344839388554,0.18330071633214667,0.3466697138045761
391,992,0.0551967913691749,0.0551967913691749,0.0551967913691749,0.0384880104959462,0.1573836664962501,0.320373064166681,0.18251992208537712,0.34532130789905546
392,993,0.0552859534477347,0.0552859534477347,0.0552859534477347,0.0387332304213061,0.15755714588960315,0.32068482681499666,0.18271472677943473,0.34565422777662835
393,994,0.0550092504367644,0.0550092504367644,0.0550092504367644,0.0385234193704079,0.15928736571039087,0.322279448142474,0.18442403207064217,0.34722810260380077
394,995,0.0554063908652861,0.0554063908652861,0.0554063908652861,0.0390385284347016,0.1579282823077981,0.3188520113504032,0.18274596820657268,0.34348406542525306
395,996,0.056006855771117005,0.056006855771117005,0.056006855771117005,0.0396904069913101,0.1591061857901481,0.3209962378396474,0.18407289417673914,0.34577620329555686
396,997,0.0580411444717103,0.0580411444717103,0.0580411444717103,0.0418071632626692,0.16152014793228575,0.323357590547611,0.18647874125294756,0.3481295094834399
397,998,0.05822702202386199,0.05822702202386199,0.05822702202386199,0.0419311199585353,0.16334659747288147,0.3261182878865809,0.18844927712077125,0.3510332030089702
398,999,0.0602607046825618,0.0602607046825618,0.0602607046825618,0.0439621185305493,0.159590890328325,0.31887715459623234,0.18415603976319558,0.3432585717125899
399,1000,0.0593057953318369,0.0593057953318369,0.0593057953318369,0.0433638558627089,0.16490818244294045,0.3261553993236238,0.18977574780180034,0.350836966865279
