wl,EN,EO,NN,NO
500.0068054,0.022931925,0.047678444,0.026748337,0.05146631
501.0698853,0.022912516,0.047642031,0.026726305,0.051427295
501.9809265,0.022869558,0.047606106,0.026684432,0.051392446
503.0436096,0.022819088,0.047503803,0.026625969,0.05128221
503.9542542,0.022792534,0.047488162,0.026601097,0.051268239
505.0164795,0.022785377,0.047468547,0.02659202,0.051246717
505.9267578,0.02275768,0.047420029,0.026561111,0.051195012
506.9885559,0.022770545,0.047414689,0.026571169,0.051186886
508.0500793,0.022676552,0.047294255,0.026473098,0.051062404
508.9597778,0.022744887,0.047395256,0.026546471,0.051168405
510.020874,0.022679295,0.04734072,0.026482584,0.051115562
510.9301758,0.022687454,0.047349998,0.026490916,0.05112501
511.9908142,0.022625205,0.047231314,0.026419963,0.050997688
513.0512085,0.022588265,0.04717902,0.026380655,0.050943044
513.9599609,0.022538002,0.047094927,0.026325175,0.050853773
515.0198975,0.022558282,0.047097802,0.026342771,0.050853984
515.9282227,0.02253306,0.047095259,0.026321046,0.050854912
516.9877319,0.022470761,0.046986654,0.026251606,0.050739219
518.0469971,0.022465986,0.047022753,0.026253135,0.050781574
518.9547119,0.022449348,0.0469593,0.026229277,0.050710956
520.0135498,0.022381282,0.04684846,0.026154614,0.050593569
521.0720825,0.022400869,0.046914357,0.026181343,0.050666554
521.979248,0.022330455,0.046770671,0.026099629,0.050511652
523.0373535,0.022367583,0.046859659,0.026144755,0.050608579
523.9440918,0.022276662,0.046718414,0.026046073,0.050459631
525.001709,0.022308029,0.046748584,0.026077256,0.050489617
526.059082,0.022262772,0.046669738,0.026026818,0.05040563
526.96521,0.022230362,0.046620775,0.025991856,0.050354134
528.0221558,0.022230921,0.046636289,0.02599472,0.050371936
528.9279175,0.022193082,0.046551052,0.025949572,0.050279444
529.984375,0.02222901,0.046614675,0.025989771,0.050347307
531.0405884,0.022212832,0.04662196,0.025977211,0.050358183
531.9457397,0.022142717,0.046444151,0.025890488,0.05016389
533.0014648,0.022101083,0.046398641,0.025848257,0.050117787
534.0569458,0.022056582,0.046340562,0.025801661,0.050057629
534.9614868,0.022080312,0.046391132,0.025829531,0.050112307
536.0164795,0.022048621,0.046378776,0.025800821,0.050102911
537.0712891,0.02201064,0.046294513,0.025755702,0.050011563
537.9751587,0.022049418,0.04634544,0.025796355,0.05006435
539.02948,0.021936208,0.04616253,0.025672395,0.049870772
539.9329834,0.021936159,0.046202933,0.025678584,0.049917366
540.9867554,0.021997172,0.046283147,0.025742559,0.05000052
542.0403442,0.021861158,0.046007635,0.025585032,0.049703655
542.9432373,0.021881555,0.046076051,0.025612834,0.049779421
543.9963379,0.021890024,0.046064074,0.02561815,0.049764315
545.0491333,0.021830001,0.04598575,0.025555305,0.04968319
545.951416,0.02178864,0.045920284,0.025510226,0.049614034
547.0037842,0.02184538,0.045982483,0.025567808,0.049677068
548.0558472,0.0218069,0.045919221,0.025525506,0.049610013
548.9574585,0.021769336,0.045862161,0.025484935,0.049549968
550.0090942,0.021725,0.045811772,0.025439666,0.049498653
551.0604248,0.021766897,0.045855153,0.025481791,0.049542262
551.9614258,0.02175973,0.045854227,0.025475587,0.04954229
553.0122681,0.021708644,0.04575044,0.025416374,0.049430436
554.0629272,0.021694689,0.045741896,0.025403253,0.049422721
554.9632568,0.02166869,0.045701067,0.025374967,0.049379622
556.0133667,0.021715169,0.045802879,0.025429979,0.049489904
557.0632324,0.021589205,0.045649895,0.025299849,0.049332783
557.9628906,0.021641875,0.045662817,0.025346388,0.049339621
559.0123291,0.021584893,0.045547425,0.025280398,0.049215289
560.0614014,0.021513569,0.04549127,0.025211414,0.049161456
560.9604492,0.021494996,0.045469455,0.025192341,0.049139145
562.0090942,0.021505991,0.04542925,0.02519544,0.049091102
563.0574341,0.021505068,0.04547386,0.025201539,0.049142683
563.9558105,0.021434643,0.045378489,0.025127267,0.049043493
565.0036621,0.021406156,0.045353671,0.025099346,0.049019236
566.0512695,0.021459411,0.04538191,0.025148743,0.049043646
566.9490356,0.021408232,0.045304062,0.025093451,0.048961716
567.9960938,0.021424409,0.045336747,0.025112174,0.048996928
569.0429688,0.021352098,0.045282704,0.02504268,0.048945681
569.9400024,0.02133029,0.045149352,0.025003669,0.048795256
570.9863892,0.021399192,0.045372829,0.02509641,0.049042393
572.0324097,0.021408287,0.045353035,0.02510105,0.049018177
572.928833,0.021369233,0.045289048,0.025058151,0.048950373
573.9744263,0.021397259,0.045309282,0.025084975,0.048969415
575.0197144,0.021338433,0.045249843,0.025026054,0.048909882
576.0646973,0.02129069,0.04512701,0.024966731,0.048775555
576.9602051,0.021312499,0.045186367,0.024994331,0.04884066
578.0047607,0.021270506,0.045138573,0.024951443,0.048791978
579.0490112,0.021321359,0.045190664,0.025002487,0.048844258
579.9438477,0.021256624,0.04511382,0.024935884,0.048765561
580.9875488,0.02119813,0.045008554,0.024870178,0.048653135
582.0310059,0.021208816,0.045025763,0.02488187,0.048671343
583.0742188,0.021230797,0.045045512,0.024903506,0.048690751
583.9681396,0.021261485,0.045071659,0.024933494,0.048716202
585.0108032,0.021065776,0.044761202,0.024720088,0.048388182
586.0532227,0.021177747,0.044954378,0.024844583,0.048593787
586.9464722,0.021110642,0.044864123,0.024773907,0.048499989
587.9883423,0.021074102,0.044808813,0.024734473,0.048441805
589.0299683,0.021093509,0.044792611,0.024748389,0.048420153
590.0712891,0.021004728,0.044654193,0.024651952,0.048274137
590.963623,0.021038414,0.044745131,0.024694468,0.048373838
592.0044556,0.020967341,0.044624497,0.024615751,0.048245618
593.0449829,0.020943542,0.044594177,0.024590947,0.0482143
593.9366455,0.020954537,0.04457774,0.024597711,0.048193664
594.9766235,0.020922049,0.044541312,0.024564615,0.048156633
596.0163574,0.020937367,0.044526086,0.024575223,0.048136732
597.0558472,0.020904419,0.044485817,0.024541146,0.048095342
597.9465332,0.020933661,0.044509593,0.024569545,0.048118282
598.9854736,0.020936465,0.044515939,0.024572895,0.04812517
600.0241089,0.020886066,0.044445365,0.024519385,0.048051507
601.062439,0.020810562,0.04428536,0.024430849,0.047878568
601.9522705,0.020863303,0.044395521,0.024492446,0.047997518
602.9901123,0.020834341,0.044337409,0.024458988,0.047934945
604.0276489,0.020777188,0.044254787,0.024397907,0.047848424
605.0648804,0.020741308,0.044163596,0.024353497,0.047748767
605.9537354,0.020739817,0.044192512,0.024356695,0.047782337
606.9904785,0.020637591,0.044014243,0.024242742,0.047592428
608.0269165,0.020618093,0.044009494,0.024225519,0.047589937
609.0630493,0.02062907,0.043987146,0.024231357,0.047562488
609.9509277,0.020628726,0.043972274,0.024228772,0.047545393
610.9865723,0.02058156,0.043941538,0.02418414,0.047517171
612.0219116,0.020599279,0.043927042,0.02419689,0.047497744
613.0569458,0.020613241,0.043990701,0.024218516,0.04756901
613.9439087,0.020520349,0.043776812,0.024106964,0.0473366
614.9783936,0.020487471,0.043767407,0.024077706,0.047330788
616.0126343,0.02047908,0.043737834,0.024066049,0.047297974
617.0465088,0.020493963,0.043730632,0.024077526,0.047287391
617.9324951,0.02044009,0.043628524,0.024016214,0.0471779
618.9658813,0.020433788,0.043617853,0.024009238,0.047166559
619.9989624,0.020490396,0.043714715,0.024072054,0.047269583
621.0317993,0.020518817,0.04372461,0.024097618,0.047276643
622.06427,0.020455133,0.043616265,0.024027046,0.047161462
622.9490356,0.020364592,0.043472775,0.02392834,0.047009867
623.9810181,0.020423204,0.043572733,0.023993328,0.047116154
625.0126343,0.020397538,0.043485624,0.023958186,0.04701964
626.0440063,0.020410152,0.04354733,0.023978372,0.04708886
626.9277954,0.020346153,0.04337689,0.023897957,0.046902128
627.9586182,0.020247001,0.043256705,0.023795561,0.046778723
628.9891357,0.020313653,0.043267934,0.023853666,0.046781469
630.0193481,0.020215312,0.04310731,0.023745719,0.046611311
631.0493164,0.020306969,0.043246916,0.023844771,0.046758256
631.9318237,0.020201208,0.043097417,0.023732265,0.046602063
632.9612427,0.020281774,0.043221283,0.023819509,0.046732557
633.9902954,0.020227585,0.043186671,0.023768339,0.046700941
635.019043,0.020204343,0.043085397,0.023733063,0.046587723
636.0475464,0.020128759,0.043023317,0.023659561,0.04652771
636.928833,0.020131969,0.043020211,0.023661797,0.046523637
637.9567871,0.020020178,0.042824106,0.023537003,0.046314626
638.984375,0.020044973,0.04287954,0.023566523,0.046374751
640.0117188,0.019926283,0.04266972,0.02343378,0.046150982
641.0386963,0.019920138,0.042695221,0.023432515,0.046181326
642.0654297,0.019824964,0.042590175,0.023335819,0.046074769
642.9451904,0.019900547,0.042627303,0.023405471,0.046106011
643.9713135,0.019871566,0.042598448,0.023376509,0.046077175
644.9971924,0.019837131,0.042531218,0.023337016,0.046004925
646.0227051,0.019828145,0.042480977,0.023321668,0.04594837
647.0479126,0.019723253,0.042301293,0.023205242,0.045757238
648.072876,0.019764158,0.042519362,0.023273469,0.046002424
648.9511108,0.019730291,0.042413718,0.023228533,0.045885794
649.9754639,0.01974497,0.042419495,0.023241839,0.045890209
650.9995117,0.019613961,0.042219333,0.023100165,0.045679462
652.0232544,0.01966564,0.042235264,0.023146331,0.045689921
653.0466919,0.019666401,0.04224934,0.023149146,0.045706035
654.0698242,0.019684599,0.042238277,0.023162831,0.045690492
654.9465332,0.019651448,0.042176077,0.0231252,0.045623846
655.9691162,0.019563315,0.042041064,0.023029837,0.045481657
656.991333,0.019517526,0.041963363,0.022979127,0.045399071
658.0132446,0.019555944,0.042027615,0.023021529,0.045467278
659.0348511,0.019572632,0.042038371,0.023037302,0.045477126
660.0562134,0.019452358,0.041839308,0.022904877,0.045266003
660.9313354,0.019475694,0.041836442,0.022924172,0.045259127
661.9520874,0.019440471,0.04180761,0.022889935,0.045231273
662.9724731,0.019449682,0.041825689,0.022900514,0.045250709
663.9926147,0.019404208,0.041682132,0.022839913,0.045092139
665.0123901,0.019386513,0.041670375,0.022823134,0.045081291
666.0318604,0.019462696,0.041781126,0.022904648,0.045197334
667.0510254,0.019345186,0.041639726,0.022783454,0.045052276
668.0698853,0.019330057,0.041555426,0.022757657,0.044957389
668.9429321,0.019339769,0.041562694,0.022766992,0.044964283
669.9611816,0.019241785,0.041369867,0.022654381,0.044756938
670.979126,0.019347267,0.041600615,0.022779182,0.045006861
671.9967041,0.019164439,0.041241094,0.022569104,0.044620294
673.0140381,0.019289321,0.04142874,0.022703666,0.044817546
674.0310059,0.019198684,0.04129109,0.022605778,0.044672701
675.0477295,0.019203241,0.041326724,0.022615128,0.044713091
676.0640259,0.019177034,0.041249489,0.022581052,0.044628046
676.9349365,0.019084827,0.041066315,0.022474816,0.044430948
677.9507446,0.01913343,0.04112167,0.02252446,0.044487336
678.9661865,0.019097168,0.041109088,0.02249185,0.044478379
679.9812622,0.019108468,0.041105885,0.022500913,0.044472956
680.9960938,0.018989787,0.04093073,0.022373523,0.044289156
682.0105591,0.019034079,0.04094003,0.022412418,0.0442931
683.0247192,0.018997277,0.040887953,0.02237326,0.044238686
684.0385132,0.018988638,0.040882819,0.022365162,0.044234087
685.052063,0.018960476,0.040862869,0.022338267,0.044215394
686.0652466,0.018906032,0.040768722,0.0222777,0.04411517
686.9334106,0.018930904,0.040830673,0.02230829,0.044182797
687.9459839,0.018892194,0.040735065,0.022260805,0.04407848
688.958252,0.018840509,0.040682794,0.02220903,0.044026119
689.9702148,0.01894075,0.040761155,0.022305896,0.044101131
690.9818115,0.018834532,0.040544781,0.02218269,0.043867896
691.993103,0.01882771,0.040535258,0.022175451,0.04385796
693.0040283,0.018768021,0.04045601,0.022112747,0.043775718
694.0146484,0.018803562,0.040434499,0.022139488,0.043745474
695.0249634,0.018747284,0.040374299,0.022082606,0.043684673
696.0349121,0.01877415,0.040447356,0.022116595,0.043764801
697.0445557,0.018815424,0.040463534,0.022153999,0.043777137
698.053894,0.018731804,0.040358587,0.02206709,0.043668926
699.0628662,0.018785098,0.040390416,0.022117073,0.04369747
700.0715332,0.01868659,0.040253606,0.022012658,0.043554797
700.935791,0.018663285,0.040209493,0.021986145,0.043507498
701.9438477,0.018679686,0.04019564,0.02199788,0.043489015
702.9515381,0.018654077,0.040116781,0.021964059,0.043402005
703.9589233,0.018622913,0.039992492,0.021918533,0.043263461
704.9660034,0.018741505,0.040261363,0.022060301,0.043555336
705.9726563,0.018485933,0.039794635,0.021772165,0.043056287
706.9790649,0.018590412,0.039959178,0.021885906,0.043230023
707.9851074,0.018627964,0.04001434,0.021926174,0.043287881
708.9907837,0.018586381,0.039990927,0.021887393,0.043267249
709.9961548,0.018518051,0.039823431,0.02180377,0.043084574
711.0012207,0.01851599,0.039829214,0.021802919,0.043091557
712.0059204,0.018510311,0.039820423,0.02179676,0.04308229
713.0103149,0.018487102,0.039770219,0.021769388,0.043027954
714.0143433,0.018473122,0.039759965,0.021755982,0.04301827
715.0180054,0.018425626,0.039692784,0.021705451,0.042948076
716.0213623,0.018442847,0.039646907,0.021712941,0.042892541
717.024353,0.018362668,0.039529287,0.021626987,0.04276919
718.0270386,0.018359314,0.039539813,0.021625774,0.042781841
719.0294189,0.018435237,0.039618305,0.021702093,0.042860726
720.0313721,0.018348544,0.039478662,0.021607234,0.042712978
721.03302,0.018428441,0.039584102,0.021691071,0.042822327
722.0343628,0.018365199,0.039445861,0.021616262,0.042672607
723.0353394,0.018371833,0.039451683,0.021622771,0.042678305
724.0359497,0.018337289,0.039402297,0.021585938,0.042626647
725.0362549,0.018330367,0.039352224,0.021572361,0.042569969
726.0361938,0.018363621,0.03935108,0.02160031,0.04256356
727.0358276,0.018434151,0.039435556,0.021672991,0.042650171
728.0350952,0.018372354,0.039328072,0.021604148,0.042535694
729.0339966,0.018434898,0.039402034,0.021668453,0.042611403
730.0325928,0.018482489,0.03939143,0.021707069,0.042591891
731.0308228,0.018456233,0.039403028,0.021686651,0.042609283
732.0286865,0.018471942,0.039339194,0.021690093,0.042533274
733.0262451,0.018501983,0.039322468,0.021712922,0.04250939
734.0234375,0.018569784,0.039386557,0.02178015,0.042572911
735.0202637,0.018562285,0.039359626,0.021769655,0.042543005
736.0167847,0.018720747,0.039584795,0.021938404,0.042778385
737.0129395,0.018712314,0.039476161,0.021914517,0.042654414
738.008728,0.018787591,0.039538657,0.021987824,0.042714953
739.0042114,0.018937607,0.039680165,0.022136527,0.042855159
739.9993286,0.019098525,0.039886269,0.022304414,0.043068179
740.9940796,0.019068125,0.039758576,0.022259009,0.042925594
741.9884644,0.019027586,0.039678815,0.022212422,0.042839829
742.9825439,0.019051489,0.039691647,0.022234618,0.042850966
743.9762573,0.019101541,0.039800652,0.022293761,0.042968995
744.9696045,0.01908798,0.039871869,0.022293275,0.043053189
745.9625854,0.01863571,0.03909387,0.02179077,0.042225332
746.9552612,0.018284666,0.038837755,0.021454367,0.041983747
747.9475708,0.018065262,0.038570645,0.021227606,0.041709335
748.9395142,0.0180002,0.038516949,0.021164296,0.041657379
749.9310913,0.017949573,0.038555264,0.021127386,0.041709308
751.0639038,0.017818409,0.038338079,0.020982956,0.041478956
752.0547485,0.017669605,0.038120891,0.020823606,0.0412513
753.0452271,0.017699588,0.038203082,0.02086164,0.041341483
754.0353394,0.017709476,0.038180986,0.020866596,0.041314491
755.0250854,0.017579065,0.037980999,0.020725455,0.041103855
756.0145264,0.017596933,0.038004481,0.020744188,0.041128196
757.00354,0.017585873,0.038018736,0.020737032,0.041146326
757.9922485,0.017544662,0.03794498,0.020690802,0.041067588
758.9805908,0.017448527,0.037803812,0.020587723,0.040919527
759.9685669,0.017516875,0.03790031,0.020660412,0.041020334
760.9561768,0.017575054,0.037911649,0.020711367,0.041024503
761.9434204,0.017546011,0.037853249,0.020677796,0.040961609
762.9303589,0.017497614,0.037797798,0.020628312,0.040905079
764.0578003,0.017379422,0.037651185,0.020505737,0.040754116
765.0439453,0.017442732,0.037703429,0.02056734,0.040804666
766.0296631,0.017341501,0.037467246,0.020445296,0.040547827
767.0150757,0.017390106,0.037596393,0.020506323,0.040689302
768.0001221,0.017301063,0.037433043,0.02040582,0.040514578
768.9848022,0.017365689,0.037526504,0.020474893,0.040612452
769.9691162,0.017295999,0.037381718,0.020393622,0.040456171
770.953064,0.01739678,0.037569247,0.020507781,0.040656979
771.9366455,0.017179036,0.037277326,0.020278597,0.040353704
773.0603027,0.017179732,0.037201868,0.020267549,0.040266589
774.0431519,0.017259838,0.037284165,0.020347993,0.040349222
775.0255737,0.01726522,0.037414477,0.020372641,0.040498656
776.0076294,0.017240825,0.037357121,0.020343163,0.040436255
776.9893188,0.017195201,0.03724247,0.020286894,0.040311039
777.9707031,0.016994157,0.036906893,0.020065102,0.039954869
778.9516602,0.017094377,0.037003143,0.02016471,0.040050511
779.932251,0.017098969,0.037020018,0.020171197,0.040069266
781.0524902,0.017057409,0.036887182,0.02011556,0.039922459
782.0323486,0.017076521,0.036923369,0.020137305,0.03996126
783.0117798,0.017215974,0.037181668,0.020295086,0.04023775
783.9908447,0.017055586,0.036885182,0.020113709,0.039920432
784.9695435,0.017209925,0.037101738,0.020277644,0.040146511
785.947876,0.017046174,0.036839406,0.020098689,0.039869089
787.0655518,0.017037731,0.036884037,0.020098432,0.039921844
788.0430908,0.017103303,0.03690881,0.020157711,0.039940372
789.0202637,0.01699661,0.036662866,0.020029543,0.039673113
789.9970093,0.016995764,0.036796958,0.020049507,0.039827861
790.9734497,0.016905,0.036577429,0.019938885,0.039588621
791.9495239,0.017171759,0.037060494,0.020239003,0.040104796
793.0645142,0.017002579,0.036656776,0.020033652,0.039665178
794.0397949,0.016945164,0.036515726,0.019963339,0.039511327
795.0146484,0.016961027,0.036631733,0.019994647,0.039642662
795.9891357,0.016843523,0.036477988,0.019871553,0.03948337
796.9632568,0.016786803,0.036347934,0.019803523,0.03934209
797.9370117,0.016861805,0.036491273,0.019889065,0.03949589
799.0493774,0.017094141,0.036776097,0.020129495,0.039788748
800.0223389,0.016850902,0.036370921,0.019861283,0.039358785
800.994873,0.016953692,0.036424686,0.019956512,0.039405046
801.967041,0.016796305,0.036164283,0.019783238,0.039128874
802.9388428,0.01701408,0.036587088,0.020032632,0.039583063
804.0490112,0.017067118,0.036692776,0.02009379,0.03969681
805.0200195,0.017016496,0.036598131,0.020036379,0.039595426
805.9906006,0.017017049,0.036503006,0.020022176,0.039485655
806.9608765,0.016912101,0.036262564,0.019896333,0.039224475
807.9307251,0.016772118,0.036088522,0.019751097,0.039045219
809.0386353,0.01718566,0.036713182,0.020197198,0.039702195
810.0076294,0.016831219,0.036007185,0.019788539,0.038942386
810.9763184,0.01681384,0.036141251,0.019794517,0.039099632
811.9445801,0.016758058,0.036115963,0.019743437,0.039079013
813.0506592,0.016923328,0.036261431,0.019905653,0.039221449
814.0181274,0.016720406,0.035987719,0.019691814,0.038936902
814.9851685,0.016896692,0.036231159,0.019878457,0.039190621
815.9518433,0.016749614,0.03607945,0.019730665,0.039038203
817.0561523,0.016732292,0.03612381,0.019722855,0.039092005
818.0219727,0.016509428,0.035698185,0.019468721,0.038635344
818.9874268,0.016499764,0.035720069,0.019463922,0.038662057
819.9525146,0.016699051,0.036015201,0.019677991,0.038971859
821.0549927,0.016519264,0.035806353,0.019493722,0.038758563
822.0192261,0.016489135,0.0356768,0.01944826,0.038613791
822.9830322,0.016435055,0.035587787,0.019388792,0.038519431
823.9465332,0.016419692,0.035476635,0.019358657,0.038393617
825.0471191,0.016435778,0.035530064,0.019380501,0.038452762
826.0097656,0.016312529,0.035404238,0.019256855,0.038326542
826.9720459,0.016386816,0.035476435,0.01933082,0.038398419
827.9338379,0.016362419,0.035453389,0.019306632,0.038375579
829.0326538,0.016409055,0.035444033,0.019344632,0.038357653
829.9936523,0.016277219,0.035247034,0.019202747,0.03815068
830.9542847,0.016253885,0.035253663,0.019184034,0.038161895
832.0516357,0.016227499,0.035175847,0.019149716,0.038076207
833.0114136,0.016262695,0.03522963,0.019187779,0.038132835
833.9708252,0.016318235,0.03525673,0.019238933,0.038155582
835.0667725,0.016277345,0.035193448,0.019194589,0.038088873
836.0252686,0.016298033,0.035142681,0.019204258,0.038027168
836.9834595,0.016123749,0.034877931,0.019016022,0.03774857
837.9411621,0.016335774,0.035253663,0.019253294,0.038149361
839.0352783,0.0163412,0.035333035,0.019270124,0.038240052
839.9921875,0.016368488,0.035151157,0.019265154,0.038026157
840.9486694,0.016388561,0.035263245,0.019299417,0.03815233
842.0413208,0.016319866,0.035106258,0.019217106,0.037981828
842.9970093,0.016525903,0.035421875,0.019440043,0.038314218
843.9522095,0.016218748,0.034849989,0.019092061,0.03770181
845.043457,0.016388012,0.03501241,0.01926027,0.037863184
845.9978638,0.016567595,0.035412168,0.019473808,0.038296643
846.9518433,0.016388153,0.035053647,0.019266748,0.037910712
848.041626,0.016333329,0.034971248,0.019207672,0.037824092
848.994812,0.016503448,0.035214848,0.019389123,0.038078939
849.9475098,0.016465482,0.035099443,0.019339214,0.037951681
851.0358887,0.016591216,0.035265942,0.019471235,0.038124419
851.987793,0.016519643,0.035145337,0.0193921,0.037996309
852.93927,0.016693833,0.035320248,0.019566402,0.038171331
854.0261841,0.016699471,0.035468541,0.01959404,0.03834146
854.9767456,0.016567578,0.035200021,0.019441076,0.038052027
856.0626831,0.016602102,0.035253048,0.019478454,0.038107885
857.0124512,0.016364472,0.034856199,0.019216269,0.037686666
857.961792,0.016237939,0.034691227,0.019083808,0.03751581
859.0462646,0.016232479,0.034513239,0.019051741,0.037311414
859.994751,0.016071341,0.034435921,0.01890353,0.037246925
860.9428101,0.016320692,0.034913209,0.019188033,0.037759103
862.0258179,0.01605552,0.034330293,0.018873858,0.037127551
862.9730225,0.016251983,0.03463332,0.019086756,0.03744689
864.0549927,0.016174842,0.034521752,0.019004305,0.037330052
865.0013428,0.016265014,0.034749328,0.019115668,0.037578659
865.9472656,0.016140939,0.034459411,0.018966017,0.037263358
867.027771,0.016140695,0.034452997,0.018964821,0.037255999
867.9728394,0.016110345,0.034372855,0.018926793,0.037168236
869.0523682,0.01624308,0.034555726,0.019067259,0.037358781
869.996521,0.015947372,0.033975821,0.018727722,0.036735375
870.9402466,0.01635274,0.034526974,0.019155574,0.037308843
872.0183105,0.016480816,0.03480055,0.019306088,0.03760469
872.9611816,0.016582603,0.034958351,0.019416514,0.037771066
874.038269,0.016407585,0.03447251,0.019193561,0.037237648
874.9802246,0.016714925,0.03490875,0.01952078,0.037693618
876.0562744,0.016935032,0.035163151,0.019746175,0.037953267
876.9973755,0.016972062,0.035129664,0.019772331,0.037908987
877.9380493,0.017190093,0.035321383,0.019986304,0.038096679
879.0126343,0.017208772,0.035394942,0.020013446,0.038178637
879.9523926,0.017065737,0.035111495,0.019848757,0.037873698
881.0259399,0.017050378,0.035171954,0.019845091,0.037945763
881.9648438,0.017005617,0.035121438,0.019799442,0.037894366
883.0373535,0.016954102,0.034932707,0.019726766,0.037684632
883.9754028,0.016877913,0.034866048,0.019652046,0.037619432
885.046875,0.016980271,0.034950482,0.01975164,0.037701122
885.9840088,0.017014308,0.034952118,0.01978068,0.037697798
887.0544434,0.017216849,0.03513794,0.019980642,0.037881061
887.9906616,0.017287903,0.035154154,0.020043239,0.037888881
889.0601196,0.017583531,0.03544974,0.020338861,0.038184461
889.9954224,0.01784695,0.035822439,0.020619133,0.038573886
891.0638428,0.017950868,0.035782541,0.020700872,0.038511975
891.998291,0.018511636,0.036420874,0.021273602,0.039162181
893.0656738,0.018785233,0.036752716,0.021556181,0.039502938
893.9991455,0.019119364,0.036976206,0.021873249,0.039709492
895.0655518,0.01939123,0.037223255,0.022141287,0.039952743
895.9981079,0.019690547,0.037418426,0.022424544,0.040131973
897.0634155,0.020073331,0.037800311,0.022807189,0.04051372
897.9951172,0.020688138,0.038549425,0.023442708,0.041283392
899.0594482,0.02126071,0.039062444,0.024006096,0.041787296
899.9902344,0.021772896,0.039555896,0.024515393,0.04227788
901.0534668,0.022671468,0.040505931,0.025421901,0.043235793
901.9833374,0.023452764,0.04113037,0.026179008,0.043836222
903.0455322,0.024824395,0.042604841,0.027566498,0.045326434
903.9744873,0.025829248,0.043603077,0.028570331,0.046323657
905.0356445,0.026997729,0.044724083,0.02973149,0.047437396
905.9636841,0.02812959,0.045792216,0.030853523,0.048495774
907.0238037,0.029693766,0.047567883,0.032450315,0.050303814
907.9509277,0.030537329,0.048365539,0.033286799,0.051094443
909.0100098,0.030168432,0.047938351,0.032908912,0.050658333
909.9362183,0.028172446,0.045833757,0.030896176,0.048537115
910.9942017,0.025499327,0.0430527,0.028206411,0.045739536
912.0516357,0.023349687,0.04103155,0.026076587,0.043738053
912.9764404,0.021641723,0.039267795,0.024360019,0.041965758
914.0328369,0.020329637,0.037809676,0.023025411,0.040485286
914.9567261,0.01969568,0.037230831,0.022399954,0.039914878
916.0120239,0.019291211,0.036828901,0.021995876,0.039513336
916.9349976,0.019083712,0.036605364,0.021785904,0.039287345
917.9892578,0.018680912,0.036161789,0.021376816,0.038837529
919.0429688,0.018165409,0.035777118,0.02088149,0.038472883
919.9644775,0.017650157,0.035150777,0.020349106,0.037829538
921.0170898,0.017245544,0.034740673,0.019943646,0.037418593
921.9376831,0.016707631,0.034089052,0.019388197,0.036749567
922.9892578,0.016210404,0.033614619,0.018894485,0.036278623
924.0402832,0.015903991,0.033328468,0.018591197,0.035995574
924.9594116,0.015803062,0.033261674,0.018495532,0.035934005
926.0093994,0.015613936,0.03307066,0.018306114,0.035742702
927.0587158,0.015357246,0.032637065,0.018022142,0.035282029
927.9764404,0.015387505,0.032742231,0.018063953,0.035398661
929.0247192,0.015193223,0.032480549,0.017859277,0.035126662
929.9415283,0.015237085,0.032587228,0.017912827,0.035242957
930.9887695,0.01524885,0.032567044,0.017919664,0.035217882
932.0354004,0.015186308,0.032560755,0.017865798,0.035220203
932.9507446,0.015256584,0.032557005,0.017924657,0.035205122
933.9962769,0.015269798,0.032674305,0.017953924,0.035338354
935.0412598,0.015017661,0.03220117,0.017667704,0.034831392
935.9551392,0.015056984,0.032327884,0.017720505,0.034971482
936.9990845,0.015117043,0.032423428,0.017786036,0.035072458
938.0424194,0.015034967,0.032277817,0.017694162,0.034917122
938.954834,0.014995737,0.032253089,0.017657169,0.034894614
939.9970703,0.01497301,0.032072887,0.017610156,0.034690308
941.0386963,0.015078118,0.032228008,0.017722977,0.034853084
941.949707,0.0149643,0.032026148,0.017595581,0.034637748
942.9902954,0.015128161,0.032370887,0.017787337,0.035010173
944.0302734,0.014994747,0.032062384,0.01762692,0.03467487
944.9397583,0.015078156,0.032117419,0.017705954,0.034725561
945.9786987,0.015084815,0.032166235,0.017719115,0.034780831
947.0169678,0.0150001,0.032038369,0.017627745,0.034646359
948.0547485,0.014967932,0.032001863,0.017594908,0.03460919
948.9622803,0.015061055,0.032030083,0.017678021,0.034627475
949.9989014,0.015036328,0.03201826,0.017655284,0.034617627
951.0349121,0.015001492,0.03198821,0.017621187,0.03458831
951.940979,0.015086374,0.032135521,0.017715696,0.034745176
952.9759521,0.015025501,0.031852217,0.01762052,0.034427826
954.0103149,0.014999736,0.031977392,0.017618033,0.034576104
955.0440674,0.015025375,0.031992677,0.017642075,0.034589805
955.9481201,0.01489724,0.03184358,0.017510708,0.034437499
956.9807739,0.015028019,0.031971951,0.017641115,0.034565502
958.0128784,0.014900142,0.031776284,0.017502783,0.034359458
959.0443726,0.014937489,0.03188924,0.017551791,0.034483988
959.9464111,0.014878794,0.031643332,0.017464224,0.034209424
960.9768066,0.014804665,0.031589307,0.017393195,0.034158476
962.0065918,0.014883049,0.031755562,0.017485131,0.03433818
963.0357666,0.014970681,0.031763354,0.01756045,0.034333752
963.935791,0.014948522,0.031927959,0.017567093,0.034526945
964.9638672,0.014780624,0.031558359,0.017368089,0.03412647
965.991333,0.014769069,0.031570315,0.01736016,0.034142026
967.0182495,0.014680997,0.03143339,0.017264554,0.033997623
968.0445557,0.01456756,0.031245365,0.017139614,0.03379818
968.9420166,0.014485342,0.031029752,0.017036823,0.033562149
969.9672241,0.014628886,0.031306799,0.017200957,0.033859631
970.9917603,0.014487938,0.030966875,0.017029322,0.033489251
972.0157471,0.014732732,0.03144045,0.017309399,0.033997844
973.0391235,0.014698319,0.031348127,0.017266055,0.033896657
974.0618896,0.01478261,0.031497887,0.017360443,0.034056438
974.9562988,0.014370875,0.030783707,0.016902065,0.033295964
975.9779663,0.014622743,0.031111083,0.017165578,0.033634898
976.9989624,0.014630134,0.031304922,0.017201723,0.033857276
978.0194092,0.014646073,0.031181949,0.017196238,0.03371304
979.0392456,0.014771083,0.031418355,0.017338428,0.033966497
980.0584717,0.014650896,0.031176734,0.017199513,0.033706289
980.9498291,0.014615581,0.031025719,0.017146355,0.033537563
981.9678955,0.014727765,0.031219659,0.017271147,0.033744018
982.9854126,0.01492752,0.031432303,0.01747289,0.033958635
984.0022583,0.014494847,0.03070152,0.016994243,0.03318222
985.0185547,0.014922615,0.031274773,0.017444447,0.033777743
986.0342407,0.014920467,0.031246606,0.017438286,0.033745593
987.0493164,0.015061598,0.03136681,0.017576191,0.033862594
987.9369507,0.015133723,0.031361878,0.017636431,0.033845867
988.9508667,0.015693551,0.03238411,0.018267572,0.034938878
989.9641724,0.015536142,0.031671403,0.018024524,0.034141173
990.9768677,0.015809308,0.032166407,0.018331903,0.034670134
991.9889526,0.015738175,0.032036962,0.018251777,0.034531763
993.0004272,0.015755722,0.032068496,0.018271481,0.034565437
994.0112915,0.015930691,0.032229746,0.018444334,0.034724588
995.0215454,0.015789824,0.031877693,0.018270898,0.034340209
996.031189,0.015914469,0.032106698,0.018411637,0.034585188
997.0402222,0.016161877,0.032345269,0.018657682,0.034822407
998.048645,0.016343417,0.032625339,0.018854418,0.035117558
999.0563965,0.015936306,0.031843989,0.018389591,0.034278925
999.9377441,0.016487633,0.03259961,0.018972424,0.035065816
1000.944336,0.016539134,0.032857175,0.019055705,0.035354922
1001.950378,0.016618833,0.03283924,0.019120346,0.035322043
1002.95575,0.016506968,0.032467406,0.01896839,0.034910417
1003.960571,0.017153186,0.033687164,0.019703059,0.036217964
1004.964722,0.016800431,0.032818817,0.019270789,0.035270697
1005.968262,0.017029715,0.033074104,0.019504083,0.035529965
1006.971191,0.017183984,0.033328263,0.019673758,0.035799413
1007.97345,0.017435448,0.033628888,0.019932803,0.036107563
1008.975159,0.017526216,0.03385523,0.020044479,0.036354657
1009.976196,0.017587221,0.033693859,0.020071189,0.036159248
1010.976624,0.017986464,0.034007303,0.020457201,0.036459559
1011.97644,0.018012182,0.034023739,0.020481487,0.036474574
1012.975647,0.0183858,0.03444467,0.020862402,0.036902748
1013.974182,0.018457855,0.034125807,0.020874169,0.036524048
1014.972107,0.019154216,0.035089067,0.021611692,0.037528161
1015.969421,0.019652165,0.035663899,0.022121497,0.038114761
1016.966125,0.01984012,0.035764466,0.022295975,0.038201952
1017.962158,0.020368985,0.036553624,0.022864983,0.039030952
1018.957581,0.019936407,0.035970352,0.022409165,0.038424614
1019.952393,0.019771344,0.035723081,0.022231423,0.038164759
1020.946533,0.019418515,0.035298883,0.021867588,0.037729638
1021.940063,0.019957596,0.036151862,0.022455079,0.038630664
1023.057068,0.018872208,0.034566715,0.021292617,0.03696902
1024.049316,0.018778051,0.034985694,0.021277596,0.037466543
1025.040771,0.019041247,0.035468678,0.021574688,0.03798317
1026.031738,0.018098354,0.033873181,0.02053115,0.03628778
1027.022095,0.018182364,0.034359849,0.020677258,0.036836082
1028.011719,0.017396403,0.032989174,0.019801123,0.035375907
1029.000732,0.017375621,0.033426908,0.019851053,0.035883824
1029.989136,0.017147187,0.032906709,0.019577623,0.035318966
1030.976929,0.01599737,0.031191396,0.018340595,0.033517095
1031.964111,0.016285768,0.031511129,0.018633826,0.033841624
1032.950562,0.016252935,0.032003368,0.01868197,0.034414233
1034.05957,0.015159975,0.030078921,0.017460777,0.032362514
1035.044678,0.015364375,0.03109375,0.017790162,0.033501393
1036.029175,0.015166428,0.031072451,0.017619457,0.033507133
1037.013062,0.015466982,0.031957424,0.01801014,0.034481561
1037.996338,0.015239765,0.030687376,0.017622098,0.03305189
1038.978882,0.014266177,0.029687368,0.016644436,0.032047838
1039.960815,0.014464676,0.029323682,0.016756234,0.0315981
1040.942139,0.014916668,0.030768788,0.017361385,0.033195218
1042.045288,0.014041222,0.02909443,0.01636273,0.031398574
1043.025269,0.015208519,0.031061692,0.017653398,0.033488283
1044.004517,0.013851681,0.029393137,0.016248487,0.031772016
1044.983154,0.014512785,0.029739147,0.016860997,0.032069795
1045.961182,0.014779194,0.030652195,0.01722713,0.033081822
1047.060669,0.013433009,0.028435815,0.015746745,0.030732244
1048.037231,0.014654953,0.029700966,0.016975352,0.032004009
1049.013184,0.01403295,0.029267744,0.016382462,0.031599683
1049.988525,0.01294073,0.027723583,0.015220544,0.029986345
1050.963257,0.01396663,0.029883889,0.016421392,0.03232029
1052.05896,0.013899873,0.028904324,0.016213862,0.031201005
1053.032349,0.01291525,0.027541344,0.015170889,0.029780111
1054.005005,0.014136932,0.030201028,0.01661434,0.032659906
1054.976929,0.013555097,0.028407882,0.015845696,0.030681347
1055.948364,0.012986596,0.027589605,0.015238674,0.029824839
1057.040283,0.013254839,0.027219624,0.01540849,0.029357167
1058.010254,0.012992681,0.027400967,0.015214729,0.029606395
1058.979614,0.013341042,0.028416976,0.015666055,0.030724599
1059.948242,0.013668947,0.028287269,0.015923387,0.030524847
1061.037231,0.012193646,0.025585369,0.014258919,0.027635195
1062.004517,0.013912147,0.02855159,0.016169845,0.0307924
1062.971191,0.014073968,0.029173168,0.016402569,0.031484352
1064.057861,0.014305952,0.029356514,0.016627052,0.031660253
1065.023071,0.01354203,0.028364568,0.015827964,0.030633404
1065.987671,0.014347706,0.028962943,0.01660167,0.031200048
1066.951538,0.014504305,0.029634,0.016837609,0.031949851
1068.035156,0.015418947,0.0309709,0.017817372,0.033351385
1068.997681,0.014340721,0.029509396,0.016680036,0.031831214
1069.959473,0.015239933,0.0307469,0.01763142,0.033120499
1071.040771,0.013679971,0.028109333,0.015905269,0.030317988
1072.001221,0.013036194,0.026208736,0.015067665,0.028225013
1072.96106,0.014367979,0.029763575,0.01674229,0.032120127
1074.040039,0.01453611,0.030053613,0.016929222,0.032428825
1074.998413,0.013803562,0.027126509,0.015858229,0.029165808
1075.956177,0.014136972,0.028464633,0.016346586,0.03065772
1077.032715,0.014155522,0.028472918,0.016363553,0.030664434
1077.989014,0.014981183,0.030449367,0.017366688,0.03281703
1078.944702,0.01390396,0.028538315,0.016160873,0.030778346
1080.019043,0.014706123,0.02839571,0.016817333,0.030491129
1080.973267,0.014806412,0.028408977,0.016904202,0.030491076
1082.045898,0.015619734,0.029990903,0.017836058,0.032190649
1082.998779,0.015659032,0.030165545,0.017896228,0.032386009
1083.950928,0.015180774,0.02905106,0.017319852,0.031174138
1085.02124,0.015456979,0.02998131,0.017696924,0.0322045
1085.972046,0.01451198,0.028495427,0.016668509,0.030635826
1087.040771,0.015425366,0.030957232,0.017820692,0.033334642
1087.98999,0.015605451,0.030012824,0.017827358,0.032218112
1089.057251,0.018479222,0.035616725,0.021122171,0.038239905
1090.005127,0.016335428,0.029970512,0.018438233,0.032057589
1090.952271,0.012714679,0.025375328,0.014667207,0.02731325
1092.01709,0.015383113,0.028390398,0.017389098,0.030381379
1092.962769,0.017131406,0.03241671,0.019488708,0.03475638
1094.026001,0.014732519,0.027408737,0.016687448,0.029349043
1094.970337,0.015821822,0.030087299,0.018021846,0.032270868
1096.03186,0.01409025,0.027668631,0.01618431,0.029747028
1096.974854,0.013108639,0.02525202,0.014981393,0.027110766
1098.03479,0.013802154,0.029252253,0.016184871,0.031617148
1098.976196,0.016108072,0.030923772,0.018392952,0.033191561
1100.034546,0.01691415,0.031050238,0.019094219,0.033214002